;tool;sol_version;type;subtype;insecure;error;ground_truth
0;ethor-2023;v4;CreateBasedReentrancy;NonReentrant;1.0;0;0
1;ethor-2023;v4;CreateBasedReentrancy;NonVulnerableFixedAddress;1.0;0;0
2;ethor-2023;v4;CreateBasedReentrancy;NonVulnerableUserDefinedAddress;1.0;0;0
3;ethor-2023;v4;CreateBasedReentrancy;ReentrantCodePartsFixedAddress;1.0;0;0
4;ethor-2023;v4;CreateBasedReentrancy;ReentrantCodePartsUserDefinedAddress;1.0;0;0
5;ethor-2023;v4;CreateBasedReentrancy;VulnerableEtherLossFixedAddress;1.0;0;1
6;ethor-2023;v4;CreateBasedReentrancy;VulnerableEtherLossUserDefinedAddress;1.0;0;1
7;ethor-2023;v4;CreateBasedReentrancy;VulnerableNoEtherLossFixedAddress;1.0;0;1
8;ethor-2023;v4;CreateBasedReentrancy;VulnerableNoEtherLossUserDefinedAddress;1.0;0;1
9;ethor-2023;v4;CrossFunctionReentrancy;NonReentrant;0.0;0;0
10;ethor-2023;v4;CrossFunctionReentrancy;NonVulnerableFixedAddress;1.0;0;0
11;ethor-2023;v4;CrossFunctionReentrancy;NonVulnerableUserDefinedAddress;1.0;0;0
12;ethor-2023;v4;CrossFunctionReentrancy;ReentrantCodePartsFixedAddress;1.0;0;0
13;ethor-2023;v4;CrossFunctionReentrancy;ReentrantCodePartsUserDefinedAddress;1.0;0;0
14;ethor-2023;v4;CrossFunctionReentrancy;SendFixedAddress;1.0;0;0
15;ethor-2023;v4;CrossFunctionReentrancy;SendUserDefinedAddress;1.0;0;0
16;ethor-2023;v4;CrossFunctionReentrancy;TransferFixedAddress;1.0;0;0
17;ethor-2023;v4;CrossFunctionReentrancy;TransferUserDefinedAddress;1.0;0;0
18;ethor-2023;v4;CrossFunctionReentrancy;VulnerableEtherLossFixedAddress;1.0;0;1
19;ethor-2023;v4;CrossFunctionReentrancy;VulnerableEtherLossUserDefinedAddress;1.0;0;1
20;ethor-2023;v4;CrossFunctionReentrancy;VulnerableNoEtherLossFixedAddress;1.0;0;1
21;ethor-2023;v4;CrossFunctionReentrancy;VulnerableNoEtherLossUserDefinedAddress;1.0;0;1
22;ethor-2023;v4;DelegatedReentrancy;NonReentrant;0.0;1;0
23;ethor-2023;v4;DelegatedReentrancy;NonVulnerableFixedAddress;1.0;1;0
24;ethor-2023;v4;DelegatedReentrancy;NonVulnerableUserDefinedAddress;1.0;1;0
25;ethor-2023;v4;DelegatedReentrancy;ReentrantCodePartsFixedAddress;1.0;1;0
26;ethor-2023;v4;DelegatedReentrancy;ReentrantCodePartsUserDefinedAddress;1.0;1;0
27;ethor-2023;v4;DelegatedReentrancy;SendFixedAddress;1.0;1;0
28;ethor-2023;v4;DelegatedReentrancy;SendUserDefinedAddress;1.0;1;0
29;ethor-2023;v4;DelegatedReentrancy;TransferFixedAddress;1.0;1;0
30;ethor-2023;v4;DelegatedReentrancy;TransferUserDefinedAddress;1.0;1;0
31;ethor-2023;v4;DelegatedReentrancy;VulnerableEtherLossFixedAddress;1.0;1;1
32;ethor-2023;v4;DelegatedReentrancy;VulnerableEtherLossUserDefinedAddress;1.0;1;1
33;ethor-2023;v4;DelegatedReentrancy;VulnerableNoEtherLossFixedAddress;1.0;1;1
34;ethor-2023;v4;DelegatedReentrancy;VulnerableNoEtherLossUserDefinedAddress;1.0;1;1
35;ethor-2023;v4;SameFunctionReentrancy;NonReentrant;0.0;0;0
36;ethor-2023;v4;SameFunctionReentrancy;NonVulnerableFixedAddress;1.0;0;0
37;ethor-2023;v4;SameFunctionReentrancy;NonVulnerableUserDefinedAddress;1.0;0;0
38;ethor-2023;v4;SameFunctionReentrancy;ReentrantCodePartsFixedAddress;1.0;0;0
39;ethor-2023;v4;SameFunctionReentrancy;ReentrantCodePartsUserDefinedAddress;1.0;0;0
40;ethor-2023;v4;SameFunctionReentrancy;SendFixedAddress;0.0;0;0
41;ethor-2023;v4;SameFunctionReentrancy;SendUserDefinedAddress;0.0;0;0
42;ethor-2023;v4;SameFunctionReentrancy;TransferFixedAddress;0.0;0;0
43;ethor-2023;v4;SameFunctionReentrancy;TransferUserDefinedAddress;0.0;0;0
44;ethor-2023;v4;SameFunctionReentrancy;VulnerableEtherLossFixedAddress;1.0;0;1
45;ethor-2023;v4;SameFunctionReentrancy;VulnerableEtherLossUserDefinedAddress;1.0;0;1
46;ethor-2023;v4;SameFunctionReentrancy;VulnerableNoEtherLossFixedAddress;0.0;1;1
47;ethor-2023;v4;SameFunctionReentrancy;VulnerableNoEtherLossUserDefinedAddress;0.0;1;1
48;ethor-2023;v5;CreateBasedReentrancy;NonReentrant;1.0;0;0
49;ethor-2023;v5;CreateBasedReentrancy;NonVulnerableFixedAddress;1.0;0;0
50;ethor-2023;v5;CreateBasedReentrancy;NonVulnerableUserDefinedAddress;1.0;0;0
51;ethor-2023;v5;CreateBasedReentrancy;ReentrantCodePartsFixedAddress;1.0;0;0
52;ethor-2023;v5;CreateBasedReentrancy;ReentrantCodePartsUserDefinedAddress;1.0;0;0
53;ethor-2023;v5;CreateBasedReentrancy;VulnerableEtherLossFixedAddress;1.0;0;1
54;ethor-2023;v5;CreateBasedReentrancy;VulnerableEtherLossUserDefinedAddress;1.0;0;1
55;ethor-2023;v5;CreateBasedReentrancy;VulnerableNoEtherLossFixedAddress;1.0;0;1
56;ethor-2023;v5;CreateBasedReentrancy;VulnerableNoEtherLossUserDefinedAddress;1.0;0;1
57;ethor-2023;v5;CrossFunctionReentrancy;NonReentrant;0.0;0;0
58;ethor-2023;v5;CrossFunctionReentrancy;NonVulnerableFixedAddress;1.0;0;0
59;ethor-2023;v5;CrossFunctionReentrancy;NonVulnerableUserDefinedAddress;1.0;0;0
60;ethor-2023;v5;CrossFunctionReentrancy;ReentrantCodePartsFixedAddress;1.0;0;0
61;ethor-2023;v5;CrossFunctionReentrancy;ReentrantCodePartsUserDefinedAddress;1.0;0;0
62;ethor-2023;v5;CrossFunctionReentrancy;SendFixedAddress;1.0;0;0
63;ethor-2023;v5;CrossFunctionReentrancy;SendUserDefinedAddress;1.0;0;0
64;ethor-2023;v5;CrossFunctionReentrancy;TransferFixedAddress;1.0;0;0
65;ethor-2023;v5;CrossFunctionReentrancy;TransferUserDefinedAddress;1.0;0;0
66;ethor-2023;v5;CrossFunctionReentrancy;VulnerableEtherLossFixedAddress;1.0;0;1
67;ethor-2023;v5;CrossFunctionReentrancy;VulnerableEtherLossUserDefinedAddress;1.0;0;1
68;ethor-2023;v5;CrossFunctionReentrancy;VulnerableNoEtherLossFixedAddress;1.0;0;1
69;ethor-2023;v5;CrossFunctionReentrancy;VulnerableNoEtherLossUserDefinedAddress;1.0;0;1
70;ethor-2023;v5;DelegatedReentrancy;NonReentrant;0.0;1;0
71;ethor-2023;v5;DelegatedReentrancy;NonVulnerableFixedAddress;1.0;1;0
72;ethor-2023;v5;DelegatedReentrancy;NonVulnerableUserDefinedAddress;1.0;1;0
73;ethor-2023;v5;DelegatedReentrancy;ReentrantCodePartsFixedAddress;1.0;1;0
74;ethor-2023;v5;DelegatedReentrancy;ReentrantCodePartsUserDefinedAddress;1.0;1;0
75;ethor-2023;v5;DelegatedReentrancy;SendFixedAddress;1.0;1;0
76;ethor-2023;v5;DelegatedReentrancy;SendUserDefinedAddress;1.0;1;0
77;ethor-2023;v5;DelegatedReentrancy;TransferFixedAddress;1.0;1;0
78;ethor-2023;v5;DelegatedReentrancy;TransferUserDefinedAddress;1.0;1;0
79;ethor-2023;v5;DelegatedReentrancy;VulnerableEtherLossFixedAddress;1.0;1;1
80;ethor-2023;v5;DelegatedReentrancy;VulnerableEtherLossUserDefinedAddress;1.0;1;1
81;ethor-2023;v5;DelegatedReentrancy;VulnerableNoEtherLossFixedAddress;1.0;1;1
82;ethor-2023;v5;DelegatedReentrancy;VulnerableNoEtherLossUserDefinedAddress;1.0;1;1
83;ethor-2023;v5;SameFunctionReentrancy;NonReentrant;0.0;0;0
84;ethor-2023;v5;SameFunctionReentrancy;NonVulnerableFixedAddress;1.0;0;0
85;ethor-2023;v5;SameFunctionReentrancy;NonVulnerableUserDefinedAddress;1.0;0;0
86;ethor-2023;v5;SameFunctionReentrancy;ReentrantCodePartsFixedAddress;1.0;0;0
87;ethor-2023;v5;SameFunctionReentrancy;ReentrantCodePartsUserDefinedAddress;1.0;0;0
88;ethor-2023;v5;SameFunctionReentrancy;SendFixedAddress;0.0;0;0
89;ethor-2023;v5;SameFunctionReentrancy;SendUserDefinedAddress;0.0;0;0
90;ethor-2023;v5;SameFunctionReentrancy;TransferFixedAddress;0.0;0;0
91;ethor-2023;v5;SameFunctionReentrancy;TransferUserDefinedAddress;0.0;0;0
92;ethor-2023;v5;SameFunctionReentrancy;VulnerableEtherLossFixedAddress;1.0;0;1
93;ethor-2023;v5;SameFunctionReentrancy;VulnerableEtherLossUserDefinedAddress;0.0;1;1
94;ethor-2023;v5;SameFunctionReentrancy;VulnerableNoEtherLossFixedAddress;1.0;0;1
95;ethor-2023;v5;SameFunctionReentrancy;VulnerableNoEtherLossUserDefinedAddress;1.0;0;1
96;ethor-2023;v6;CreateBasedReentrancy;NonReentrant;1.0;0;0
97;ethor-2023;v6;CreateBasedReentrancy;NonVulnerableFixedAddress;1.0;0;0
98;ethor-2023;v6;CreateBasedReentrancy;NonVulnerableUserDefinedAddress;1.0;0;0
99;ethor-2023;v6;CreateBasedReentrancy;ReentrantCodePartsFixedAddress;1.0;0;0
100;ethor-2023;v6;CreateBasedReentrancy;ReentrantCodePartsUserDefinedAddress;1.0;0;0
101;ethor-2023;v6;CreateBasedReentrancy;VulnerableEtherLossFixedAddress;1.0;0;1
102;ethor-2023;v6;CreateBasedReentrancy;VulnerableEtherLossUserDefinedAddress;1.0;0;1
103;ethor-2023;v6;CreateBasedReentrancy;VulnerableNoEtherLossFixedAddress;1.0;0;1
104;ethor-2023;v6;CreateBasedReentrancy;VulnerableNoEtherLossUserDefinedAddress;1.0;0;1
105;ethor-2023;v6;CrossFunctionReentrancy;NonReentrant;0.0;0;0
106;ethor-2023;v6;CrossFunctionReentrancy;NonVulnerableFixedAddress;1.0;0;0
107;ethor-2023;v6;CrossFunctionReentrancy;NonVulnerableUserDefinedAddress;1.0;0;0
108;ethor-2023;v6;CrossFunctionReentrancy;ReentrantCodePartsFixedAddress;1.0;0;0
109;ethor-2023;v6;CrossFunctionReentrancy;ReentrantCodePartsUserDefinedAddress;1.0;0;0
110;ethor-2023;v6;CrossFunctionReentrancy;SendFixedAddress;1.0;0;0
111;ethor-2023;v6;CrossFunctionReentrancy;SendUserDefinedAddress;1.0;0;0
112;ethor-2023;v6;CrossFunctionReentrancy;TransferFixedAddress;1.0;0;0
113;ethor-2023;v6;CrossFunctionReentrancy;TransferUserDefinedAddress;1.0;0;0
114;ethor-2023;v6;CrossFunctionReentrancy;VulnerableEtherLossFixedAddress;1.0;0;1
115;ethor-2023;v6;CrossFunctionReentrancy;VulnerableEtherLossUserDefinedAddress;1.0;0;1
116;ethor-2023;v6;CrossFunctionReentrancy;VulnerableNoEtherLossFixedAddress;1.0;0;1
117;ethor-2023;v6;CrossFunctionReentrancy;VulnerableNoEtherLossUserDefinedAddress;1.0;0;1
118;ethor-2023;v6;DelegatedReentrancy;NonReentrant;0.0;1;0
119;ethor-2023;v6;DelegatedReentrancy;NonVulnerableFixedAddress;1.0;1;0
120;ethor-2023;v6;DelegatedReentrancy;NonVulnerableUserDefinedAddress;1.0;1;0
121;ethor-2023;v6;DelegatedReentrancy;ReentrantCodePartsFixedAddress;1.0;1;0
122;ethor-2023;v6;DelegatedReentrancy;ReentrantCodePartsUserDefinedAddress;1.0;1;0
123;ethor-2023;v6;DelegatedReentrancy;SendFixedAddress;1.0;1;0
124;ethor-2023;v6;DelegatedReentrancy;SendUserDefinedAddress;1.0;1;0
125;ethor-2023;v6;DelegatedReentrancy;TransferFixedAddress;1.0;1;0
126;ethor-2023;v6;DelegatedReentrancy;TransferUserDefinedAddress;1.0;1;0
127;ethor-2023;v6;DelegatedReentrancy;VulnerableEtherLossFixedAddress;1.0;1;1
128;ethor-2023;v6;DelegatedReentrancy;VulnerableEtherLossUserDefinedAddress;1.0;1;1
129;ethor-2023;v6;DelegatedReentrancy;VulnerableNoEtherLossFixedAddress;1.0;1;1
130;ethor-2023;v6;DelegatedReentrancy;VulnerableNoEtherLossUserDefinedAddress;1.0;1;1
131;ethor-2023;v6;SameFunctionReentrancy;NonReentrant;0.0;0;0
132;ethor-2023;v6;SameFunctionReentrancy;NonVulnerableFixedAddress;1.0;0;0
133;ethor-2023;v6;SameFunctionReentrancy;NonVulnerableUserDefinedAddress;1.0;0;0
134;ethor-2023;v6;SameFunctionReentrancy;ReentrantCodePartsFixedAddress;1.0;0;0
135;ethor-2023;v6;SameFunctionReentrancy;ReentrantCodePartsUserDefinedAddress;1.0;0;0
136;ethor-2023;v6;SameFunctionReentrancy;SendFixedAddress;0.0;0;0
137;ethor-2023;v6;SameFunctionReentrancy;SendUserDefinedAddress;0.0;0;0
138;ethor-2023;v6;SameFunctionReentrancy;TransferFixedAddress;0.0;0;0
139;ethor-2023;v6;SameFunctionReentrancy;TransferUserDefinedAddress;0.0;0;0
140;ethor-2023;v6;SameFunctionReentrancy;VulnerableEtherLossFixedAddress;1.0;0;1
141;ethor-2023;v6;SameFunctionReentrancy;VulnerableEtherLossUserDefinedAddress;1.0;0;1
142;ethor-2023;v6;SameFunctionReentrancy;VulnerableNoEtherLossFixedAddress;1.0;0;1
143;ethor-2023;v6;SameFunctionReentrancy;VulnerableNoEtherLossUserDefinedAddress;1.0;0;1
144;ethor-2023;v7;CreateBasedReentrancy;NonReentrant;1.0;0;0
145;ethor-2023;v7;CreateBasedReentrancy;NonVulnerableFixedAddress;1.0;0;0
146;ethor-2023;v7;CreateBasedReentrancy;NonVulnerableUserDefinedAddress;1.0;0;0
147;ethor-2023;v7;CreateBasedReentrancy;ReentrantCodePartsFixedAddress;1.0;0;0
148;ethor-2023;v7;CreateBasedReentrancy;ReentrantCodePartsUserDefinedAddress;1.0;0;0
149;ethor-2023;v7;CreateBasedReentrancy;VulnerableEtherLossFixedAddress;1.0;0;1
150;ethor-2023;v7;CreateBasedReentrancy;VulnerableEtherLossUserDefinedAddress;1.0;0;1
151;ethor-2023;v7;CreateBasedReentrancy;VulnerableNoEtherLossFixedAddress;1.0;0;1
152;ethor-2023;v7;CreateBasedReentrancy;VulnerableNoEtherLossUserDefinedAddress;1.0;0;1
153;ethor-2023;v7;CrossFunctionReentrancy;NonReentrant;0.0;0;0
154;ethor-2023;v7;CrossFunctionReentrancy;NonVulnerableFixedAddress;1.0;0;0
155;ethor-2023;v7;CrossFunctionReentrancy;NonVulnerableUserDefinedAddress;1.0;0;0
156;ethor-2023;v7;CrossFunctionReentrancy;ReentrantCodePartsFixedAddress;1.0;0;0
157;ethor-2023;v7;CrossFunctionReentrancy;ReentrantCodePartsUserDefinedAddress;1.0;0;0
158;ethor-2023;v7;CrossFunctionReentrancy;SendFixedAddress;1.0;0;0
159;ethor-2023;v7;CrossFunctionReentrancy;SendUserDefinedAddress;1.0;0;0
160;ethor-2023;v7;CrossFunctionReentrancy;TransferFixedAddress;1.0;0;0
161;ethor-2023;v7;CrossFunctionReentrancy;TransferUserDefinedAddress;1.0;0;0
162;ethor-2023;v7;CrossFunctionReentrancy;VulnerableEtherLossFixedAddress;1.0;0;1
163;ethor-2023;v7;CrossFunctionReentrancy;VulnerableEtherLossUserDefinedAddress;1.0;0;1
164;ethor-2023;v7;CrossFunctionReentrancy;VulnerableNoEtherLossFixedAddress;1.0;0;1
165;ethor-2023;v7;CrossFunctionReentrancy;VulnerableNoEtherLossUserDefinedAddress;1.0;0;1
166;ethor-2023;v7;DelegatedReentrancy;NonReentrant;0.0;1;0
167;ethor-2023;v7;DelegatedReentrancy;NonVulnerableFixedAddress;1.0;1;0
168;ethor-2023;v7;DelegatedReentrancy;NonVulnerableUserDefinedAddress;1.0;1;0
169;ethor-2023;v7;DelegatedReentrancy;ReentrantCodePartsFixedAddress;1.0;1;0
170;ethor-2023;v7;DelegatedReentrancy;ReentrantCodePartsUserDefinedAddress;1.0;1;0
171;ethor-2023;v7;DelegatedReentrancy;SendFixedAddress;1.0;1;0
172;ethor-2023;v7;DelegatedReentrancy;SendUserDefinedAddress;1.0;1;0
173;ethor-2023;v7;DelegatedReentrancy;TransferFixedAddress;1.0;1;0
174;ethor-2023;v7;DelegatedReentrancy;TransferUserDefinedAddress;1.0;1;0
175;ethor-2023;v7;DelegatedReentrancy;VulnerableEtherLossFixedAddress;1.0;1;1
176;ethor-2023;v7;DelegatedReentrancy;VulnerableEtherLossUserDefinedAddress;1.0;1;1
177;ethor-2023;v7;DelegatedReentrancy;VulnerableNoEtherLossFixedAddress;1.0;1;1
178;ethor-2023;v7;DelegatedReentrancy;VulnerableNoEtherLossUserDefinedAddress;1.0;1;1
179;ethor-2023;v7;SameFunctionReentrancy;NonReentrant;0.0;0;0
180;ethor-2023;v7;SameFunctionReentrancy;NonVulnerableFixedAddress;1.0;0;0
181;ethor-2023;v7;SameFunctionReentrancy;NonVulnerableUserDefinedAddress;1.0;0;0
182;ethor-2023;v7;SameFunctionReentrancy;ReentrantCodePartsFixedAddress;1.0;0;0
183;ethor-2023;v7;SameFunctionReentrancy;ReentrantCodePartsUserDefinedAddress;1.0;0;0
184;ethor-2023;v7;SameFunctionReentrancy;SendFixedAddress;0.0;0;0
185;ethor-2023;v7;SameFunctionReentrancy;SendUserDefinedAddress;0.0;0;0
186;ethor-2023;v7;SameFunctionReentrancy;TransferFixedAddress;0.0;0;0
187;ethor-2023;v7;SameFunctionReentrancy;TransferUserDefinedAddress;0.0;0;0
188;ethor-2023;v7;SameFunctionReentrancy;VulnerableEtherLossFixedAddress;1.0;0;1
189;ethor-2023;v7;SameFunctionReentrancy;VulnerableEtherLossUserDefinedAddress;1.0;0;1
190;ethor-2023;v7;SameFunctionReentrancy;VulnerableNoEtherLossFixedAddress;1.0;0;1
191;ethor-2023;v7;SameFunctionReentrancy;VulnerableNoEtherLossUserDefinedAddress;1.0;0;1
192;ethor-2023;v8;CreateBasedReentrancy;NonReentrant;0.0;1;0
193;ethor-2023;v8;CreateBasedReentrancy;NonVulnerableFixedAddress;1.0;0;0
194;ethor-2023;v8;CreateBasedReentrancy;NonVulnerableUserDefinedAddress;0.0;1;0
195;ethor-2023;v8;CreateBasedReentrancy;ReentrantCodePartsFixedAddress;1.0;0;0
196;ethor-2023;v8;CreateBasedReentrancy;ReentrantCodePartsUserDefinedAddress;1.0;1;0
197;ethor-2023;v8;CreateBasedReentrancy;VulnerableEtherLossFixedAddress;1.0;1;1
198;ethor-2023;v8;CreateBasedReentrancy;VulnerableEtherLossUserDefinedAddress;1.0;0;1
199;ethor-2023;v8;CreateBasedReentrancy;VulnerableNoEtherLossFixedAddress;0.0;1;1
200;ethor-2023;v8;CreateBasedReentrancy;VulnerableNoEtherLossUserDefinedAddress;0.0;1;1
201;ethor-2023;v8;CrossFunctionReentrancy;NonReentrant;0.0;0;0
202;ethor-2023;v8;CrossFunctionReentrancy;NonVulnerableFixedAddress;1.0;0;0
203;ethor-2023;v8;CrossFunctionReentrancy;NonVulnerableUserDefinedAddress;1.0;0;0
204;ethor-2023;v8;CrossFunctionReentrancy;ReentrantCodePartsFixedAddress;1.0;0;0
205;ethor-2023;v8;CrossFunctionReentrancy;ReentrantCodePartsUserDefinedAddress;0.0;1;0
206;ethor-2023;v8;CrossFunctionReentrancy;SendFixedAddress;1.0;0;0
207;ethor-2023;v8;CrossFunctionReentrancy;SendUserDefinedAddress;1.0;0;0
208;ethor-2023;v8;CrossFunctionReentrancy;TransferFixedAddress;1.0;0;0
209;ethor-2023;v8;CrossFunctionReentrancy;TransferUserDefinedAddress;1.0;0;0
210;ethor-2023;v8;CrossFunctionReentrancy;VulnerableEtherLossFixedAddress;1.0;0;1
211;ethor-2023;v8;CrossFunctionReentrancy;VulnerableEtherLossUserDefinedAddress;0.0;1;1
212;ethor-2023;v8;CrossFunctionReentrancy;VulnerableNoEtherLossFixedAddress;0.0;1;1
213;ethor-2023;v8;CrossFunctionReentrancy;VulnerableNoEtherLossUserDefinedAddress;1.0;0;1
214;ethor-2023;v8;DelegatedReentrancy;NonReentrant;0.0;1;0
215;ethor-2023;v8;DelegatedReentrancy;NonVulnerableFixedAddress;1.0;1;0
216;ethor-2023;v8;DelegatedReentrancy;NonVulnerableUserDefinedAddress;1.0;1;0
217;ethor-2023;v8;DelegatedReentrancy;ReentrantCodePartsFixedAddress;1.0;1;0
218;ethor-2023;v8;DelegatedReentrancy;ReentrantCodePartsUserDefinedAddress;1.0;1;0
219;ethor-2023;v8;DelegatedReentrancy;SendFixedAddress;1.0;1;0
220;ethor-2023;v8;DelegatedReentrancy;SendUserDefinedAddress;1.0;1;0
221;ethor-2023;v8;DelegatedReentrancy;TransferFixedAddress;1.0;1;0
222;ethor-2023;v8;DelegatedReentrancy;TransferUserDefinedAddress;1.0;1;0
223;ethor-2023;v8;DelegatedReentrancy;VulnerableEtherLossFixedAddress;1.0;1;1
224;ethor-2023;v8;DelegatedReentrancy;VulnerableEtherLossUserDefinedAddress;1.0;1;1
225;ethor-2023;v8;DelegatedReentrancy;VulnerableNoEtherLossFixedAddress;1.0;1;1
226;ethor-2023;v8;DelegatedReentrancy;VulnerableNoEtherLossUserDefinedAddress;1.0;1;1
227;ethor-2023;v8;SameFunctionReentrancy;NonReentrant;0.0;0;0
228;ethor-2023;v8;SameFunctionReentrancy;NonVulnerableFixedAddress;1.0;0;0
229;ethor-2023;v8;SameFunctionReentrancy;NonVulnerableUserDefinedAddress;1.0;0;0
230;ethor-2023;v8;SameFunctionReentrancy;ReentrantCodePartsFixedAddress;1.0;0;0
231;ethor-2023;v8;SameFunctionReentrancy;ReentrantCodePartsUserDefinedAddress;1.0;0;0
232;ethor-2023;v8;SameFunctionReentrancy;SendFixedAddress;0.0;0;0
233;ethor-2023;v8;SameFunctionReentrancy;SendUserDefinedAddress;0.0;0;0
234;ethor-2023;v8;SameFunctionReentrancy;TransferFixedAddress;0.0;0;0
235;ethor-2023;v8;SameFunctionReentrancy;TransferUserDefinedAddress;0.0;0;0
236;ethor-2023;v8;SameFunctionReentrancy;VulnerableEtherLossFixedAddress;1.0;0;1
237;ethor-2023;v8;SameFunctionReentrancy;VulnerableEtherLossUserDefinedAddress;1.0;0;1
238;ethor-2023;v8;SameFunctionReentrancy;VulnerableNoEtherLossFixedAddress;0.0;1;1
239;ethor-2023;v8;SameFunctionReentrancy;VulnerableNoEtherLossUserDefinedAddress;0.0;1;1
240;mythril-0.23.15;v4;CreateBasedReentrancy;NonReentrant;0.0;0;0
241;mythril-0.23.15;v4;CreateBasedReentrancy;NonVulnerableFixedAddress;0.0;0;0
242;mythril-0.23.15;v4;CreateBasedReentrancy;NonVulnerableUserDefinedAddress;0.0;0;0
243;mythril-0.23.15;v4;CreateBasedReentrancy;ReentrantCodePartsFixedAddress;0.0;0;0
244;mythril-0.23.15;v4;CreateBasedReentrancy;ReentrantCodePartsUserDefinedAddress;0.0;0;0
245;mythril-0.23.15;v4;CreateBasedReentrancy;VulnerableEtherLossFixedAddress;0.0;0;1
246;mythril-0.23.15;v4;CreateBasedReentrancy;VulnerableEtherLossUserDefinedAddress;0.0;0;1
247;mythril-0.23.15;v4;CreateBasedReentrancy;VulnerableNoEtherLossFixedAddress;0.0;0;1
248;mythril-0.23.15;v4;CreateBasedReentrancy;VulnerableNoEtherLossUserDefinedAddress;0.0;0;1
249;mythril-0.23.15;v4;CrossFunctionReentrancy;NonReentrant;0.0;0;0
250;mythril-0.23.15;v4;CrossFunctionReentrancy;NonVulnerableFixedAddress;0.0;0;0
251;mythril-0.23.15;v4;CrossFunctionReentrancy;NonVulnerableUserDefinedAddress;0.0;0;0
252;mythril-0.23.15;v4;CrossFunctionReentrancy;ReentrantCodePartsFixedAddress;0.0;0;0
253;mythril-0.23.15;v4;CrossFunctionReentrancy;ReentrantCodePartsUserDefinedAddress;0.0;0;0
254;mythril-0.23.15;v4;CrossFunctionReentrancy;SendFixedAddress;0.0;0;0
255;mythril-0.23.15;v4;CrossFunctionReentrancy;SendUserDefinedAddress;0.0;0;0
256;mythril-0.23.15;v4;CrossFunctionReentrancy;TransferFixedAddress;0.0;0;0
257;mythril-0.23.15;v4;CrossFunctionReentrancy;TransferUserDefinedAddress;0.0;0;0
258;mythril-0.23.15;v4;CrossFunctionReentrancy;VulnerableEtherLossFixedAddress;0.0;0;1
259;mythril-0.23.15;v4;CrossFunctionReentrancy;VulnerableEtherLossUserDefinedAddress;0.0;0;1
260;mythril-0.23.15;v4;CrossFunctionReentrancy;VulnerableNoEtherLossFixedAddress;0.0;0;1
261;mythril-0.23.15;v4;CrossFunctionReentrancy;VulnerableNoEtherLossUserDefinedAddress;0.0;0;1
262;mythril-0.23.15;v4;DelegatedReentrancy;NonReentrant;0.0;0;0
263;mythril-0.23.15;v4;DelegatedReentrancy;NonVulnerableFixedAddress;0.0;0;0
264;mythril-0.23.15;v4;DelegatedReentrancy;NonVulnerableUserDefinedAddress;0.0;0;0
265;mythril-0.23.15;v4;DelegatedReentrancy;ReentrantCodePartsFixedAddress;0.0;0;0
266;mythril-0.23.15;v4;DelegatedReentrancy;ReentrantCodePartsUserDefinedAddress;0.0;0;0
267;mythril-0.23.15;v4;DelegatedReentrancy;SendFixedAddress;0.0;0;0
268;mythril-0.23.15;v4;DelegatedReentrancy;SendUserDefinedAddress;0.0;0;0
269;mythril-0.23.15;v4;DelegatedReentrancy;TransferFixedAddress;0.0;0;0
270;mythril-0.23.15;v4;DelegatedReentrancy;TransferUserDefinedAddress;0.0;0;0
271;mythril-0.23.15;v4;DelegatedReentrancy;VulnerableEtherLossFixedAddress;0.0;0;1
272;mythril-0.23.15;v4;DelegatedReentrancy;VulnerableEtherLossUserDefinedAddress;0.0;0;1
273;mythril-0.23.15;v4;DelegatedReentrancy;VulnerableNoEtherLossFixedAddress;1.0;0;1
274;mythril-0.23.15;v4;DelegatedReentrancy;VulnerableNoEtherLossUserDefinedAddress;1.0;0;1
275;mythril-0.23.15;v4;SameFunctionReentrancy;NonReentrant;0.0;0;0
276;mythril-0.23.15;v4;SameFunctionReentrancy;NonVulnerableFixedAddress;0.0;0;0
277;mythril-0.23.15;v4;SameFunctionReentrancy;NonVulnerableUserDefinedAddress;2.0;0;0
278;mythril-0.23.15;v4;SameFunctionReentrancy;ReentrantCodePartsFixedAddress;2.0;0;0
279;mythril-0.23.15;v4;SameFunctionReentrancy;ReentrantCodePartsUserDefinedAddress;2.0;0;0
280;mythril-0.23.15;v4;SameFunctionReentrancy;SendFixedAddress;0.0;0;0
281;mythril-0.23.15;v4;SameFunctionReentrancy;SendUserDefinedAddress;0.0;0;0
282;mythril-0.23.15;v4;SameFunctionReentrancy;TransferFixedAddress;0.0;0;0
283;mythril-0.23.15;v4;SameFunctionReentrancy;TransferUserDefinedAddress;0.0;0;0
284;mythril-0.23.15;v4;SameFunctionReentrancy;VulnerableEtherLossFixedAddress;2.0;0;1
285;mythril-0.23.15;v4;SameFunctionReentrancy;VulnerableEtherLossUserDefinedAddress;2.0;0;1
286;mythril-0.23.15;v4;SameFunctionReentrancy;VulnerableNoEtherLossFixedAddress;2.0;0;1
287;mythril-0.23.15;v4;SameFunctionReentrancy;VulnerableNoEtherLossUserDefinedAddress;2.0;0;1
288;mythril-0.23.15;v5;CreateBasedReentrancy;NonReentrant;0.0;0;0
289;mythril-0.23.15;v5;CreateBasedReentrancy;NonVulnerableFixedAddress;0.0;0;0
290;mythril-0.23.15;v5;CreateBasedReentrancy;NonVulnerableUserDefinedAddress;0.0;0;0
291;mythril-0.23.15;v5;CreateBasedReentrancy;ReentrantCodePartsFixedAddress;0.0;0;0
292;mythril-0.23.15;v5;CreateBasedReentrancy;ReentrantCodePartsUserDefinedAddress;0.0;0;0
293;mythril-0.23.15;v5;CreateBasedReentrancy;VulnerableEtherLossFixedAddress;0.0;0;1
294;mythril-0.23.15;v5;CreateBasedReentrancy;VulnerableEtherLossUserDefinedAddress;0.0;0;1
295;mythril-0.23.15;v5;CreateBasedReentrancy;VulnerableNoEtherLossFixedAddress;0.0;0;1
296;mythril-0.23.15;v5;CreateBasedReentrancy;VulnerableNoEtherLossUserDefinedAddress;0.0;0;1
297;mythril-0.23.15;v5;CrossFunctionReentrancy;NonReentrant;0.0;0;0
298;mythril-0.23.15;v5;CrossFunctionReentrancy;NonVulnerableFixedAddress;0.0;0;0
299;mythril-0.23.15;v5;CrossFunctionReentrancy;NonVulnerableUserDefinedAddress;0.0;0;0
300;mythril-0.23.15;v5;CrossFunctionReentrancy;ReentrantCodePartsFixedAddress;0.0;0;0
301;mythril-0.23.15;v5;CrossFunctionReentrancy;ReentrantCodePartsUserDefinedAddress;0.0;0;0
302;mythril-0.23.15;v5;CrossFunctionReentrancy;SendFixedAddress;0.0;0;0
303;mythril-0.23.15;v5;CrossFunctionReentrancy;SendUserDefinedAddress;0.0;0;0
304;mythril-0.23.15;v5;CrossFunctionReentrancy;TransferFixedAddress;0.0;0;0
305;mythril-0.23.15;v5;CrossFunctionReentrancy;TransferUserDefinedAddress;0.0;0;0
306;mythril-0.23.15;v5;CrossFunctionReentrancy;VulnerableEtherLossFixedAddress;0.0;0;1
307;mythril-0.23.15;v5;CrossFunctionReentrancy;VulnerableEtherLossUserDefinedAddress;0.0;0;1
308;mythril-0.23.15;v5;CrossFunctionReentrancy;VulnerableNoEtherLossFixedAddress;0.0;0;1
309;mythril-0.23.15;v5;CrossFunctionReentrancy;VulnerableNoEtherLossUserDefinedAddress;0.0;0;1
310;mythril-0.23.15;v5;DelegatedReentrancy;NonReentrant;0.0;0;0
311;mythril-0.23.15;v5;DelegatedReentrancy;NonVulnerableFixedAddress;0.0;0;0
312;mythril-0.23.15;v5;DelegatedReentrancy;NonVulnerableUserDefinedAddress;0.0;0;0
313;mythril-0.23.15;v5;DelegatedReentrancy;ReentrantCodePartsFixedAddress;1.0;0;0
314;mythril-0.23.15;v5;DelegatedReentrancy;ReentrantCodePartsUserDefinedAddress;1.0;0;0
315;mythril-0.23.15;v5;DelegatedReentrancy;SendFixedAddress;1.0;0;0
316;mythril-0.23.15;v5;DelegatedReentrancy;SendUserDefinedAddress;1.0;0;0
317;mythril-0.23.15;v5;DelegatedReentrancy;TransferFixedAddress;1.0;0;0
318;mythril-0.23.15;v5;DelegatedReentrancy;TransferUserDefinedAddress;1.0;0;0
319;mythril-0.23.15;v5;DelegatedReentrancy;VulnerableEtherLossFixedAddress;1.0;0;1
320;mythril-0.23.15;v5;DelegatedReentrancy;VulnerableEtherLossUserDefinedAddress;1.0;0;1
321;mythril-0.23.15;v5;DelegatedReentrancy;VulnerableNoEtherLossFixedAddress;1.0;0;1
322;mythril-0.23.15;v5;DelegatedReentrancy;VulnerableNoEtherLossUserDefinedAddress;1.0;0;1
323;mythril-0.23.15;v5;SameFunctionReentrancy;NonReentrant;0.0;0;0
324;mythril-0.23.15;v5;SameFunctionReentrancy;NonVulnerableFixedAddress;0.0;0;0
325;mythril-0.23.15;v5;SameFunctionReentrancy;NonVulnerableUserDefinedAddress;2.0;0;0
326;mythril-0.23.15;v5;SameFunctionReentrancy;ReentrantCodePartsFixedAddress;2.0;0;0
327;mythril-0.23.15;v5;SameFunctionReentrancy;ReentrantCodePartsUserDefinedAddress;2.0;0;0
328;mythril-0.23.15;v5;SameFunctionReentrancy;SendFixedAddress;0.0;0;0
329;mythril-0.23.15;v5;SameFunctionReentrancy;SendUserDefinedAddress;0.0;0;0
330;mythril-0.23.15;v5;SameFunctionReentrancy;TransferFixedAddress;0.0;0;0
331;mythril-0.23.15;v5;SameFunctionReentrancy;TransferUserDefinedAddress;0.0;0;0
332;mythril-0.23.15;v5;SameFunctionReentrancy;VulnerableEtherLossFixedAddress;2.0;0;1
333;mythril-0.23.15;v5;SameFunctionReentrancy;VulnerableEtherLossUserDefinedAddress;2.0;0;1
334;mythril-0.23.15;v5;SameFunctionReentrancy;VulnerableNoEtherLossFixedAddress;2.0;0;1
335;mythril-0.23.15;v5;SameFunctionReentrancy;VulnerableNoEtherLossUserDefinedAddress;2.0;0;1
336;mythril-0.23.15;v6;CreateBasedReentrancy;NonReentrant;0.0;0;0
337;mythril-0.23.15;v6;CreateBasedReentrancy;NonVulnerableFixedAddress;0.0;0;0
338;mythril-0.23.15;v6;CreateBasedReentrancy;NonVulnerableUserDefinedAddress;0.0;0;0
339;mythril-0.23.15;v6;CreateBasedReentrancy;ReentrantCodePartsFixedAddress;0.0;0;0
340;mythril-0.23.15;v6;CreateBasedReentrancy;ReentrantCodePartsUserDefinedAddress;0.0;0;0
341;mythril-0.23.15;v6;CreateBasedReentrancy;VulnerableEtherLossFixedAddress;0.0;0;1
342;mythril-0.23.15;v6;CreateBasedReentrancy;VulnerableEtherLossUserDefinedAddress;0.0;0;1
343;mythril-0.23.15;v6;CreateBasedReentrancy;VulnerableNoEtherLossFixedAddress;0.0;0;1
344;mythril-0.23.15;v6;CreateBasedReentrancy;VulnerableNoEtherLossUserDefinedAddress;0.0;0;1
345;mythril-0.23.15;v6;CrossFunctionReentrancy;NonReentrant;0.0;0;0
346;mythril-0.23.15;v6;CrossFunctionReentrancy;NonVulnerableFixedAddress;0.0;0;0
347;mythril-0.23.15;v6;CrossFunctionReentrancy;NonVulnerableUserDefinedAddress;0.0;0;0
348;mythril-0.23.15;v6;CrossFunctionReentrancy;ReentrantCodePartsFixedAddress;0.0;0;0
349;mythril-0.23.15;v6;CrossFunctionReentrancy;ReentrantCodePartsUserDefinedAddress;0.0;0;0
350;mythril-0.23.15;v6;CrossFunctionReentrancy;SendFixedAddress;0.0;0;0
351;mythril-0.23.15;v6;CrossFunctionReentrancy;SendUserDefinedAddress;0.0;0;0
352;mythril-0.23.15;v6;CrossFunctionReentrancy;TransferFixedAddress;0.0;0;0
353;mythril-0.23.15;v6;CrossFunctionReentrancy;TransferUserDefinedAddress;0.0;0;0
354;mythril-0.23.15;v6;CrossFunctionReentrancy;VulnerableEtherLossFixedAddress;0.0;0;1
355;mythril-0.23.15;v6;CrossFunctionReentrancy;VulnerableEtherLossUserDefinedAddress;0.0;0;1
356;mythril-0.23.15;v6;CrossFunctionReentrancy;VulnerableNoEtherLossFixedAddress;0.0;0;1
357;mythril-0.23.15;v6;CrossFunctionReentrancy;VulnerableNoEtherLossUserDefinedAddress;0.0;0;1
358;mythril-0.23.15;v6;DelegatedReentrancy;NonReentrant;0.0;0;0
359;mythril-0.23.15;v6;DelegatedReentrancy;NonVulnerableFixedAddress;0.0;0;0
360;mythril-0.23.15;v6;DelegatedReentrancy;NonVulnerableUserDefinedAddress;0.0;0;0
361;mythril-0.23.15;v6;DelegatedReentrancy;ReentrantCodePartsFixedAddress;1.0;0;0
362;mythril-0.23.15;v6;DelegatedReentrancy;ReentrantCodePartsUserDefinedAddress;1.0;0;0
363;mythril-0.23.15;v6;DelegatedReentrancy;SendFixedAddress;1.0;0;0
364;mythril-0.23.15;v6;DelegatedReentrancy;SendUserDefinedAddress;1.0;0;0
365;mythril-0.23.15;v6;DelegatedReentrancy;TransferFixedAddress;1.0;0;0
366;mythril-0.23.15;v6;DelegatedReentrancy;TransferUserDefinedAddress;1.0;0;0
367;mythril-0.23.15;v6;DelegatedReentrancy;VulnerableEtherLossFixedAddress;1.0;0;1
368;mythril-0.23.15;v6;DelegatedReentrancy;VulnerableEtherLossUserDefinedAddress;1.0;0;1
369;mythril-0.23.15;v6;DelegatedReentrancy;VulnerableNoEtherLossFixedAddress;1.0;0;1
370;mythril-0.23.15;v6;DelegatedReentrancy;VulnerableNoEtherLossUserDefinedAddress;1.0;0;1
371;mythril-0.23.15;v6;SameFunctionReentrancy;NonReentrant;0.0;0;0
372;mythril-0.23.15;v6;SameFunctionReentrancy;NonVulnerableFixedAddress;0.0;0;0
373;mythril-0.23.15;v6;SameFunctionReentrancy;NonVulnerableUserDefinedAddress;2.0;0;0
374;mythril-0.23.15;v6;SameFunctionReentrancy;ReentrantCodePartsFixedAddress;2.0;0;0
375;mythril-0.23.15;v6;SameFunctionReentrancy;ReentrantCodePartsUserDefinedAddress;2.0;0;0
376;mythril-0.23.15;v6;SameFunctionReentrancy;SendFixedAddress;0.0;0;0
377;mythril-0.23.15;v6;SameFunctionReentrancy;SendUserDefinedAddress;0.0;0;0
378;mythril-0.23.15;v6;SameFunctionReentrancy;TransferFixedAddress;0.0;0;0
379;mythril-0.23.15;v6;SameFunctionReentrancy;TransferUserDefinedAddress;0.0;0;0
380;mythril-0.23.15;v6;SameFunctionReentrancy;VulnerableEtherLossFixedAddress;2.0;0;1
381;mythril-0.23.15;v6;SameFunctionReentrancy;VulnerableEtherLossUserDefinedAddress;2.0;0;1
382;mythril-0.23.15;v6;SameFunctionReentrancy;VulnerableNoEtherLossFixedAddress;2.0;0;1
383;mythril-0.23.15;v6;SameFunctionReentrancy;VulnerableNoEtherLossUserDefinedAddress;2.0;0;1
384;mythril-0.23.15;v7;CreateBasedReentrancy;NonReentrant;0.0;0;0
385;mythril-0.23.15;v7;CreateBasedReentrancy;NonVulnerableFixedAddress;0.0;0;0
386;mythril-0.23.15;v7;CreateBasedReentrancy;NonVulnerableUserDefinedAddress;0.0;0;0
387;mythril-0.23.15;v7;CreateBasedReentrancy;ReentrantCodePartsFixedAddress;0.0;0;0
388;mythril-0.23.15;v7;CreateBasedReentrancy;ReentrantCodePartsUserDefinedAddress;0.0;0;0
389;mythril-0.23.15;v7;CreateBasedReentrancy;VulnerableEtherLossFixedAddress;0.0;0;1
390;mythril-0.23.15;v7;CreateBasedReentrancy;VulnerableEtherLossUserDefinedAddress;0.0;0;1
391;mythril-0.23.15;v7;CreateBasedReentrancy;VulnerableNoEtherLossFixedAddress;0.0;0;1
392;mythril-0.23.15;v7;CreateBasedReentrancy;VulnerableNoEtherLossUserDefinedAddress;0.0;0;1
393;mythril-0.23.15;v7;CrossFunctionReentrancy;NonReentrant;0.0;0;0
394;mythril-0.23.15;v7;CrossFunctionReentrancy;NonVulnerableFixedAddress;0.0;0;0
395;mythril-0.23.15;v7;CrossFunctionReentrancy;NonVulnerableUserDefinedAddress;0.0;0;0
396;mythril-0.23.15;v7;CrossFunctionReentrancy;ReentrantCodePartsFixedAddress;0.0;0;0
397;mythril-0.23.15;v7;CrossFunctionReentrancy;ReentrantCodePartsUserDefinedAddress;0.0;0;0
398;mythril-0.23.15;v7;CrossFunctionReentrancy;SendFixedAddress;0.0;0;0
399;mythril-0.23.15;v7;CrossFunctionReentrancy;SendUserDefinedAddress;0.0;0;0
400;mythril-0.23.15;v7;CrossFunctionReentrancy;TransferFixedAddress;0.0;0;0
401;mythril-0.23.15;v7;CrossFunctionReentrancy;TransferUserDefinedAddress;0.0;0;0
402;mythril-0.23.15;v7;CrossFunctionReentrancy;VulnerableEtherLossFixedAddress;0.0;0;1
403;mythril-0.23.15;v7;CrossFunctionReentrancy;VulnerableEtherLossUserDefinedAddress;0.0;0;1
404;mythril-0.23.15;v7;CrossFunctionReentrancy;VulnerableNoEtherLossFixedAddress;0.0;0;1
405;mythril-0.23.15;v7;CrossFunctionReentrancy;VulnerableNoEtherLossUserDefinedAddress;0.0;0;1
406;mythril-0.23.15;v7;DelegatedReentrancy;NonReentrant;0.0;0;0
407;mythril-0.23.15;v7;DelegatedReentrancy;NonVulnerableFixedAddress;0.0;0;0
408;mythril-0.23.15;v7;DelegatedReentrancy;NonVulnerableUserDefinedAddress;0.0;0;0
409;mythril-0.23.15;v7;DelegatedReentrancy;ReentrantCodePartsFixedAddress;1.0;0;0
410;mythril-0.23.15;v7;DelegatedReentrancy;ReentrantCodePartsUserDefinedAddress;1.0;0;0
411;mythril-0.23.15;v7;DelegatedReentrancy;SendFixedAddress;1.0;0;0
412;mythril-0.23.15;v7;DelegatedReentrancy;SendUserDefinedAddress;1.0;0;0
413;mythril-0.23.15;v7;DelegatedReentrancy;TransferFixedAddress;1.0;0;0
414;mythril-0.23.15;v7;DelegatedReentrancy;TransferUserDefinedAddress;1.0;0;0
415;mythril-0.23.15;v7;DelegatedReentrancy;VulnerableEtherLossFixedAddress;1.0;0;1
416;mythril-0.23.15;v7;DelegatedReentrancy;VulnerableEtherLossUserDefinedAddress;1.0;0;1
417;mythril-0.23.15;v7;DelegatedReentrancy;VulnerableNoEtherLossFixedAddress;1.0;0;1
418;mythril-0.23.15;v7;DelegatedReentrancy;VulnerableNoEtherLossUserDefinedAddress;1.0;0;1
419;mythril-0.23.15;v7;SameFunctionReentrancy;NonReentrant;0.0;0;0
420;mythril-0.23.15;v7;SameFunctionReentrancy;NonVulnerableFixedAddress;0.0;0;0
421;mythril-0.23.15;v7;SameFunctionReentrancy;NonVulnerableUserDefinedAddress;2.0;0;0
422;mythril-0.23.15;v7;SameFunctionReentrancy;ReentrantCodePartsFixedAddress;2.0;0;0
423;mythril-0.23.15;v7;SameFunctionReentrancy;ReentrantCodePartsUserDefinedAddress;2.0;0;0
424;mythril-0.23.15;v7;SameFunctionReentrancy;SendFixedAddress;0.0;0;0
425;mythril-0.23.15;v7;SameFunctionReentrancy;SendUserDefinedAddress;0.0;0;0
426;mythril-0.23.15;v7;SameFunctionReentrancy;TransferFixedAddress;0.0;0;0
427;mythril-0.23.15;v7;SameFunctionReentrancy;TransferUserDefinedAddress;0.0;0;0
428;mythril-0.23.15;v7;SameFunctionReentrancy;VulnerableEtherLossFixedAddress;2.0;0;1
429;mythril-0.23.15;v7;SameFunctionReentrancy;VulnerableEtherLossUserDefinedAddress;2.0;0;1
430;mythril-0.23.15;v7;SameFunctionReentrancy;VulnerableNoEtherLossFixedAddress;2.0;0;1
431;mythril-0.23.15;v7;SameFunctionReentrancy;VulnerableNoEtherLossUserDefinedAddress;2.0;0;1
432;mythril-0.23.15;v8;CreateBasedReentrancy;NonReentrant;0.0;0;0
433;mythril-0.23.15;v8;CreateBasedReentrancy;NonVulnerableFixedAddress;0.0;0;0
434;mythril-0.23.15;v8;CreateBasedReentrancy;NonVulnerableUserDefinedAddress;0.0;0;0
435;mythril-0.23.15;v8;CreateBasedReentrancy;ReentrantCodePartsFixedAddress;0.0;0;0
436;mythril-0.23.15;v8;CreateBasedReentrancy;ReentrantCodePartsUserDefinedAddress;0.0;0;0
437;mythril-0.23.15;v8;CreateBasedReentrancy;VulnerableEtherLossFixedAddress;0.0;0;1
438;mythril-0.23.15;v8;CreateBasedReentrancy;VulnerableEtherLossUserDefinedAddress;0.0;0;1
439;mythril-0.23.15;v8;CreateBasedReentrancy;VulnerableNoEtherLossFixedAddress;0.0;0;1
440;mythril-0.23.15;v8;CreateBasedReentrancy;VulnerableNoEtherLossUserDefinedAddress;0.0;0;1
441;mythril-0.23.15;v8;CrossFunctionReentrancy;NonReentrant;0.0;0;0
442;mythril-0.23.15;v8;CrossFunctionReentrancy;NonVulnerableFixedAddress;0.0;0;0
443;mythril-0.23.15;v8;CrossFunctionReentrancy;NonVulnerableUserDefinedAddress;0.0;0;0
444;mythril-0.23.15;v8;CrossFunctionReentrancy;ReentrantCodePartsFixedAddress;0.0;0;0
445;mythril-0.23.15;v8;CrossFunctionReentrancy;ReentrantCodePartsUserDefinedAddress;0.0;0;0
446;mythril-0.23.15;v8;CrossFunctionReentrancy;SendFixedAddress;0.0;0;0
447;mythril-0.23.15;v8;CrossFunctionReentrancy;SendUserDefinedAddress;0.0;0;0
448;mythril-0.23.15;v8;CrossFunctionReentrancy;TransferFixedAddress;0.0;0;0
449;mythril-0.23.15;v8;CrossFunctionReentrancy;TransferUserDefinedAddress;0.0;0;0
450;mythril-0.23.15;v8;CrossFunctionReentrancy;VulnerableEtherLossFixedAddress;0.0;0;1
451;mythril-0.23.15;v8;CrossFunctionReentrancy;VulnerableEtherLossUserDefinedAddress;0.0;0;1
452;mythril-0.23.15;v8;CrossFunctionReentrancy;VulnerableNoEtherLossFixedAddress;0.0;0;1
453;mythril-0.23.15;v8;CrossFunctionReentrancy;VulnerableNoEtherLossUserDefinedAddress;0.0;0;1
454;mythril-0.23.15;v8;DelegatedReentrancy;NonReentrant;0.0;0;0
455;mythril-0.23.15;v8;DelegatedReentrancy;NonVulnerableFixedAddress;0.0;0;0
456;mythril-0.23.15;v8;DelegatedReentrancy;NonVulnerableUserDefinedAddress;0.0;0;0
457;mythril-0.23.15;v8;DelegatedReentrancy;ReentrantCodePartsFixedAddress;0.0;0;0
458;mythril-0.23.15;v8;DelegatedReentrancy;ReentrantCodePartsUserDefinedAddress;0.0;0;0
459;mythril-0.23.15;v8;DelegatedReentrancy;SendFixedAddress;0.0;0;0
460;mythril-0.23.15;v8;DelegatedReentrancy;SendUserDefinedAddress;0.0;0;0
461;mythril-0.23.15;v8;DelegatedReentrancy;TransferFixedAddress;0.0;0;0
462;mythril-0.23.15;v8;DelegatedReentrancy;TransferUserDefinedAddress;0.0;0;0
463;mythril-0.23.15;v8;DelegatedReentrancy;VulnerableEtherLossFixedAddress;0.0;0;1
464;mythril-0.23.15;v8;DelegatedReentrancy;VulnerableEtherLossUserDefinedAddress;0.0;0;1
465;mythril-0.23.15;v8;DelegatedReentrancy;VulnerableNoEtherLossFixedAddress;1.0;0;1
466;mythril-0.23.15;v8;DelegatedReentrancy;VulnerableNoEtherLossUserDefinedAddress;1.0;0;1
467;mythril-0.23.15;v8;SameFunctionReentrancy;NonReentrant;0.0;0;0
468;mythril-0.23.15;v8;SameFunctionReentrancy;NonVulnerableFixedAddress;0.0;0;0
469;mythril-0.23.15;v8;SameFunctionReentrancy;NonVulnerableUserDefinedAddress;1.0;0;0
470;mythril-0.23.15;v8;SameFunctionReentrancy;ReentrantCodePartsFixedAddress;1.0;0;0
471;mythril-0.23.15;v8;SameFunctionReentrancy;ReentrantCodePartsUserDefinedAddress;1.0;0;0
472;mythril-0.23.15;v8;SameFunctionReentrancy;SendFixedAddress;0.0;0;0
473;mythril-0.23.15;v8;SameFunctionReentrancy;SendUserDefinedAddress;0.0;0;0
474;mythril-0.23.15;v8;SameFunctionReentrancy;TransferFixedAddress;0.0;0;0
475;mythril-0.23.15;v8;SameFunctionReentrancy;TransferUserDefinedAddress;0.0;0;0
476;mythril-0.23.15;v8;SameFunctionReentrancy;VulnerableEtherLossFixedAddress;1.0;0;1
477;mythril-0.23.15;v8;SameFunctionReentrancy;VulnerableEtherLossUserDefinedAddress;1.0;0;1
478;mythril-0.23.15;v8;SameFunctionReentrancy;VulnerableNoEtherLossFixedAddress;1.0;0;1
479;mythril-0.23.15;v8;SameFunctionReentrancy;VulnerableNoEtherLossUserDefinedAddress;1.0;0;1
480;oyente;v4;CreateBasedReentrancy;NonReentrant;0.0;0;0
481;oyente;v4;CreateBasedReentrancy;NonVulnerableFixedAddress;0.0;0;0
482;oyente;v4;CreateBasedReentrancy;NonVulnerableUserDefinedAddress;0.0;0;0
483;oyente;v4;CreateBasedReentrancy;ReentrantCodePartsFixedAddress;0.0;0;0
484;oyente;v4;CreateBasedReentrancy;ReentrantCodePartsUserDefinedAddress;0.0;0;0
485;oyente;v4;CreateBasedReentrancy;VulnerableEtherLossFixedAddress;0.0;0;1
486;oyente;v4;CreateBasedReentrancy;VulnerableEtherLossUserDefinedAddress;0.0;0;1
487;oyente;v4;CreateBasedReentrancy;VulnerableNoEtherLossFixedAddress;0.0;0;1
488;oyente;v4;CreateBasedReentrancy;VulnerableNoEtherLossUserDefinedAddress;0.0;0;1
489;oyente;v4;CrossFunctionReentrancy;NonReentrant;0.0;0;0
490;oyente;v4;CrossFunctionReentrancy;NonVulnerableFixedAddress;0.0;0;0
491;oyente;v4;CrossFunctionReentrancy;NonVulnerableUserDefinedAddress;0.0;0;0
492;oyente;v4;CrossFunctionReentrancy;ReentrantCodePartsFixedAddress;0.0;0;0
493;oyente;v4;CrossFunctionReentrancy;ReentrantCodePartsUserDefinedAddress;0.0;0;0
494;oyente;v4;CrossFunctionReentrancy;SendFixedAddress;0.0;0;0
495;oyente;v4;CrossFunctionReentrancy;SendUserDefinedAddress;0.0;0;0
496;oyente;v4;CrossFunctionReentrancy;TransferFixedAddress;0.0;0;0
497;oyente;v4;CrossFunctionReentrancy;TransferUserDefinedAddress;0.0;0;0
498;oyente;v4;CrossFunctionReentrancy;VulnerableEtherLossFixedAddress;2.0;0;1
499;oyente;v4;CrossFunctionReentrancy;VulnerableEtherLossUserDefinedAddress;2.0;0;1
500;oyente;v4;CrossFunctionReentrancy;VulnerableNoEtherLossFixedAddress;0.0;0;1
501;oyente;v4;CrossFunctionReentrancy;VulnerableNoEtherLossUserDefinedAddress;0.0;0;1
502;oyente;v4;DelegatedReentrancy;NonReentrant;0.0;0;0
503;oyente;v4;DelegatedReentrancy;NonVulnerableFixedAddress;0.0;0;0
504;oyente;v4;DelegatedReentrancy;NonVulnerableUserDefinedAddress;0.0;0;0
505;oyente;v4;DelegatedReentrancy;ReentrantCodePartsFixedAddress;1.0;0;0
506;oyente;v4;DelegatedReentrancy;ReentrantCodePartsUserDefinedAddress;1.0;0;0
507;oyente;v4;DelegatedReentrancy;SendFixedAddress;0.0;0;0
508;oyente;v4;DelegatedReentrancy;SendUserDefinedAddress;0.0;0;0
509;oyente;v4;DelegatedReentrancy;TransferFixedAddress;0.0;0;0
510;oyente;v4;DelegatedReentrancy;TransferUserDefinedAddress;0.0;0;0
511;oyente;v4;DelegatedReentrancy;VulnerableEtherLossFixedAddress;1.0;0;1
512;oyente;v4;DelegatedReentrancy;VulnerableEtherLossUserDefinedAddress;1.0;0;1
513;oyente;v4;DelegatedReentrancy;VulnerableNoEtherLossFixedAddress;0.0;0;1
514;oyente;v4;DelegatedReentrancy;VulnerableNoEtherLossUserDefinedAddress;0.0;0;1
515;oyente;v4;SameFunctionReentrancy;NonReentrant;0.0;0;0
516;oyente;v4;SameFunctionReentrancy;NonVulnerableFixedAddress;0.0;0;0
517;oyente;v4;SameFunctionReentrancy;NonVulnerableUserDefinedAddress;0.0;0;0
518;oyente;v4;SameFunctionReentrancy;ReentrantCodePartsFixedAddress;0.0;0;0
519;oyente;v4;SameFunctionReentrancy;ReentrantCodePartsUserDefinedAddress;0.0;0;0
520;oyente;v4;SameFunctionReentrancy;SendFixedAddress;0.0;0;0
521;oyente;v4;SameFunctionReentrancy;SendUserDefinedAddress;0.0;0;0
522;oyente;v4;SameFunctionReentrancy;TransferFixedAddress;0.0;0;0
523;oyente;v4;SameFunctionReentrancy;TransferUserDefinedAddress;0.0;0;0
524;oyente;v4;SameFunctionReentrancy;VulnerableEtherLossFixedAddress;2.0;0;1
525;oyente;v4;SameFunctionReentrancy;VulnerableEtherLossUserDefinedAddress;2.0;0;1
526;oyente;v4;SameFunctionReentrancy;VulnerableNoEtherLossFixedAddress;0.0;0;1
527;oyente;v4;SameFunctionReentrancy;VulnerableNoEtherLossUserDefinedAddress;0.0;0;1
528;oyente;v5;CreateBasedReentrancy;NonReentrant;0.0;1;0
529;oyente;v5;CreateBasedReentrancy;NonVulnerableFixedAddress;0.0;0;0
530;oyente;v5;CreateBasedReentrancy;NonVulnerableUserDefinedAddress;0.0;0;0
531;oyente;v5;CreateBasedReentrancy;ReentrantCodePartsFixedAddress;0.0;0;0
532;oyente;v5;CreateBasedReentrancy;ReentrantCodePartsUserDefinedAddress;0.0;0;0
533;oyente;v5;CreateBasedReentrancy;VulnerableEtherLossFixedAddress;0.0;0;1
534;oyente;v5;CreateBasedReentrancy;VulnerableEtherLossUserDefinedAddress;0.0;0;1
535;oyente;v5;CreateBasedReentrancy;VulnerableNoEtherLossFixedAddress;0.0;1;1
536;oyente;v5;CreateBasedReentrancy;VulnerableNoEtherLossUserDefinedAddress;0.0;0;1
537;oyente;v5;CrossFunctionReentrancy;NonReentrant;0.0;0;0
538;oyente;v5;CrossFunctionReentrancy;NonVulnerableFixedAddress;0.0;0;0
539;oyente;v5;CrossFunctionReentrancy;NonVulnerableUserDefinedAddress;0.0;0;0
540;oyente;v5;CrossFunctionReentrancy;ReentrantCodePartsFixedAddress;0.0;0;0
541;oyente;v5;CrossFunctionReentrancy;ReentrantCodePartsUserDefinedAddress;0.0;0;0
542;oyente;v5;CrossFunctionReentrancy;SendFixedAddress;0.0;0;0
543;oyente;v5;CrossFunctionReentrancy;SendUserDefinedAddress;0.0;0;0
544;oyente;v5;CrossFunctionReentrancy;TransferFixedAddress;0.0;0;0
545;oyente;v5;CrossFunctionReentrancy;TransferUserDefinedAddress;0.0;0;0
546;oyente;v5;CrossFunctionReentrancy;VulnerableEtherLossFixedAddress;2.0;0;1
547;oyente;v5;CrossFunctionReentrancy;VulnerableEtherLossUserDefinedAddress;2.0;0;1
548;oyente;v5;CrossFunctionReentrancy;VulnerableNoEtherLossFixedAddress;0.0;0;1
549;oyente;v5;CrossFunctionReentrancy;VulnerableNoEtherLossUserDefinedAddress;0.0;0;1
550;oyente;v5;DelegatedReentrancy;NonReentrant;0.0;0;0
551;oyente;v5;DelegatedReentrancy;NonVulnerableFixedAddress;0.0;0;0
552;oyente;v5;DelegatedReentrancy;NonVulnerableUserDefinedAddress;0.0;0;0
553;oyente;v5;DelegatedReentrancy;ReentrantCodePartsFixedAddress;1.0;0;0
554;oyente;v5;DelegatedReentrancy;ReentrantCodePartsUserDefinedAddress;1.0;0;0
555;oyente;v5;DelegatedReentrancy;SendFixedAddress;0.0;0;0
556;oyente;v5;DelegatedReentrancy;SendUserDefinedAddress;0.0;0;0
557;oyente;v5;DelegatedReentrancy;TransferFixedAddress;0.0;0;0
558;oyente;v5;DelegatedReentrancy;TransferUserDefinedAddress;0.0;0;0
559;oyente;v5;DelegatedReentrancy;VulnerableEtherLossFixedAddress;1.0;0;1
560;oyente;v5;DelegatedReentrancy;VulnerableEtherLossUserDefinedAddress;1.0;0;1
561;oyente;v5;DelegatedReentrancy;VulnerableNoEtherLossFixedAddress;0.0;0;1
562;oyente;v5;DelegatedReentrancy;VulnerableNoEtherLossUserDefinedAddress;0.0;0;1
563;oyente;v5;SameFunctionReentrancy;NonReentrant;0.0;0;0
564;oyente;v5;SameFunctionReentrancy;NonVulnerableFixedAddress;0.0;0;0
565;oyente;v5;SameFunctionReentrancy;NonVulnerableUserDefinedAddress;0.0;0;0
566;oyente;v5;SameFunctionReentrancy;ReentrantCodePartsFixedAddress;0.0;0;0
567;oyente;v5;SameFunctionReentrancy;ReentrantCodePartsUserDefinedAddress;0.0;0;0
568;oyente;v5;SameFunctionReentrancy;SendFixedAddress;0.0;0;0
569;oyente;v5;SameFunctionReentrancy;SendUserDefinedAddress;0.0;0;0
570;oyente;v5;SameFunctionReentrancy;TransferFixedAddress;0.0;0;0
571;oyente;v5;SameFunctionReentrancy;TransferUserDefinedAddress;0.0;0;0
572;oyente;v5;SameFunctionReentrancy;VulnerableEtherLossFixedAddress;2.0;0;1
573;oyente;v5;SameFunctionReentrancy;VulnerableEtherLossUserDefinedAddress;2.0;0;1
574;oyente;v5;SameFunctionReentrancy;VulnerableNoEtherLossFixedAddress;0.0;0;1
575;oyente;v5;SameFunctionReentrancy;VulnerableNoEtherLossUserDefinedAddress;0.0;0;1
576;oyente;v6;CreateBasedReentrancy;NonReentrant;0.0;1;0
577;oyente;v6;CreateBasedReentrancy;NonVulnerableFixedAddress;0.0;1;0
578;oyente;v6;CreateBasedReentrancy;NonVulnerableUserDefinedAddress;0.0;1;0
579;oyente;v6;CreateBasedReentrancy;ReentrantCodePartsFixedAddress;0.0;0;0
580;oyente;v6;CreateBasedReentrancy;ReentrantCodePartsUserDefinedAddress;0.0;0;0
581;oyente;v6;CreateBasedReentrancy;VulnerableEtherLossFixedAddress;0.0;0;1
582;oyente;v6;CreateBasedReentrancy;VulnerableEtherLossUserDefinedAddress;0.0;0;1
583;oyente;v6;CreateBasedReentrancy;VulnerableNoEtherLossFixedAddress;0.0;0;1
584;oyente;v6;CreateBasedReentrancy;VulnerableNoEtherLossUserDefinedAddress;0.0;1;1
585;oyente;v6;CrossFunctionReentrancy;NonReentrant;0.0;0;0
586;oyente;v6;CrossFunctionReentrancy;NonVulnerableFixedAddress;0.0;0;0
587;oyente;v6;CrossFunctionReentrancy;NonVulnerableUserDefinedAddress;0.0;0;0
588;oyente;v6;CrossFunctionReentrancy;ReentrantCodePartsFixedAddress;0.0;0;0
589;oyente;v6;CrossFunctionReentrancy;ReentrantCodePartsUserDefinedAddress;0.0;0;0
590;oyente;v6;CrossFunctionReentrancy;SendFixedAddress;0.0;0;0
591;oyente;v6;CrossFunctionReentrancy;SendUserDefinedAddress;0.0;0;0
592;oyente;v6;CrossFunctionReentrancy;TransferFixedAddress;0.0;0;0
593;oyente;v6;CrossFunctionReentrancy;TransferUserDefinedAddress;0.0;0;0
594;oyente;v6;CrossFunctionReentrancy;VulnerableEtherLossFixedAddress;2.0;0;1
595;oyente;v6;CrossFunctionReentrancy;VulnerableEtherLossUserDefinedAddress;2.0;0;1
596;oyente;v6;CrossFunctionReentrancy;VulnerableNoEtherLossFixedAddress;0.0;0;1
597;oyente;v6;CrossFunctionReentrancy;VulnerableNoEtherLossUserDefinedAddress;0.0;0;1
598;oyente;v6;DelegatedReentrancy;NonReentrant;0.0;0;0
599;oyente;v6;DelegatedReentrancy;NonVulnerableFixedAddress;0.0;0;0
600;oyente;v6;DelegatedReentrancy;NonVulnerableUserDefinedAddress;0.0;0;0
601;oyente;v6;DelegatedReentrancy;ReentrantCodePartsFixedAddress;1.0;0;0
602;oyente;v6;DelegatedReentrancy;ReentrantCodePartsUserDefinedAddress;1.0;0;0
603;oyente;v6;DelegatedReentrancy;SendFixedAddress;0.0;0;0
604;oyente;v6;DelegatedReentrancy;SendUserDefinedAddress;0.0;0;0
605;oyente;v6;DelegatedReentrancy;TransferFixedAddress;0.0;0;0
606;oyente;v6;DelegatedReentrancy;TransferUserDefinedAddress;0.0;0;0
607;oyente;v6;DelegatedReentrancy;VulnerableEtherLossFixedAddress;1.0;0;1
608;oyente;v6;DelegatedReentrancy;VulnerableEtherLossUserDefinedAddress;1.0;0;1
609;oyente;v6;DelegatedReentrancy;VulnerableNoEtherLossFixedAddress;0.0;0;1
610;oyente;v6;DelegatedReentrancy;VulnerableNoEtherLossUserDefinedAddress;0.0;0;1
611;oyente;v6;SameFunctionReentrancy;NonReentrant;0.0;0;0
612;oyente;v6;SameFunctionReentrancy;NonVulnerableFixedAddress;0.0;0;0
613;oyente;v6;SameFunctionReentrancy;NonVulnerableUserDefinedAddress;0.0;0;0
614;oyente;v6;SameFunctionReentrancy;ReentrantCodePartsFixedAddress;0.0;0;0
615;oyente;v6;SameFunctionReentrancy;ReentrantCodePartsUserDefinedAddress;0.0;0;0
616;oyente;v6;SameFunctionReentrancy;SendFixedAddress;0.0;0;0
617;oyente;v6;SameFunctionReentrancy;SendUserDefinedAddress;0.0;0;0
618;oyente;v6;SameFunctionReentrancy;TransferFixedAddress;0.0;0;0
619;oyente;v6;SameFunctionReentrancy;TransferUserDefinedAddress;0.0;0;0
620;oyente;v6;SameFunctionReentrancy;VulnerableEtherLossFixedAddress;2.0;0;1
621;oyente;v6;SameFunctionReentrancy;VulnerableEtherLossUserDefinedAddress;2.0;0;1
622;oyente;v6;SameFunctionReentrancy;VulnerableNoEtherLossFixedAddress;0.0;0;1
623;oyente;v6;SameFunctionReentrancy;VulnerableNoEtherLossUserDefinedAddress;0.0;0;1
624;oyente;v7;CreateBasedReentrancy;NonReentrant;0.0;1;0
625;oyente;v7;CreateBasedReentrancy;NonVulnerableFixedAddress;0.0;1;0
626;oyente;v7;CreateBasedReentrancy;NonVulnerableUserDefinedAddress;0.0;1;0
627;oyente;v7;CreateBasedReentrancy;ReentrantCodePartsFixedAddress;0.0;0;0
628;oyente;v7;CreateBasedReentrancy;ReentrantCodePartsUserDefinedAddress;0.0;0;0
629;oyente;v7;CreateBasedReentrancy;VulnerableEtherLossFixedAddress;0.0;0;1
630;oyente;v7;CreateBasedReentrancy;VulnerableEtherLossUserDefinedAddress;0.0;0;1
631;oyente;v7;CreateBasedReentrancy;VulnerableNoEtherLossFixedAddress;0.0;1;1
632;oyente;v7;CreateBasedReentrancy;VulnerableNoEtherLossUserDefinedAddress;0.0;1;1
633;oyente;v7;CrossFunctionReentrancy;NonReentrant;0.0;0;0
634;oyente;v7;CrossFunctionReentrancy;NonVulnerableFixedAddress;0.0;0;0
635;oyente;v7;CrossFunctionReentrancy;NonVulnerableUserDefinedAddress;0.0;0;0
636;oyente;v7;CrossFunctionReentrancy;ReentrantCodePartsFixedAddress;0.0;0;0
637;oyente;v7;CrossFunctionReentrancy;ReentrantCodePartsUserDefinedAddress;0.0;0;0
638;oyente;v7;CrossFunctionReentrancy;SendFixedAddress;0.0;0;0
639;oyente;v7;CrossFunctionReentrancy;SendUserDefinedAddress;0.0;0;0
640;oyente;v7;CrossFunctionReentrancy;TransferFixedAddress;0.0;0;0
641;oyente;v7;CrossFunctionReentrancy;TransferUserDefinedAddress;0.0;0;0
642;oyente;v7;CrossFunctionReentrancy;VulnerableEtherLossFixedAddress;2.0;0;1
643;oyente;v7;CrossFunctionReentrancy;VulnerableEtherLossUserDefinedAddress;2.0;0;1
644;oyente;v7;CrossFunctionReentrancy;VulnerableNoEtherLossFixedAddress;0.0;0;1
645;oyente;v7;CrossFunctionReentrancy;VulnerableNoEtherLossUserDefinedAddress;0.0;0;1
646;oyente;v7;DelegatedReentrancy;NonReentrant;0.0;0;0
647;oyente;v7;DelegatedReentrancy;NonVulnerableFixedAddress;0.0;0;0
648;oyente;v7;DelegatedReentrancy;NonVulnerableUserDefinedAddress;0.0;0;0
649;oyente;v7;DelegatedReentrancy;ReentrantCodePartsFixedAddress;1.0;0;0
650;oyente;v7;DelegatedReentrancy;ReentrantCodePartsUserDefinedAddress;1.0;0;0
651;oyente;v7;DelegatedReentrancy;SendFixedAddress;0.0;0;0
652;oyente;v7;DelegatedReentrancy;SendUserDefinedAddress;0.0;0;0
653;oyente;v7;DelegatedReentrancy;TransferFixedAddress;0.0;0;0
654;oyente;v7;DelegatedReentrancy;TransferUserDefinedAddress;0.0;0;0
655;oyente;v7;DelegatedReentrancy;VulnerableEtherLossFixedAddress;1.0;0;1
656;oyente;v7;DelegatedReentrancy;VulnerableEtherLossUserDefinedAddress;1.0;0;1
657;oyente;v7;DelegatedReentrancy;VulnerableNoEtherLossFixedAddress;0.0;0;1
658;oyente;v7;DelegatedReentrancy;VulnerableNoEtherLossUserDefinedAddress;0.0;0;1
659;oyente;v7;SameFunctionReentrancy;NonReentrant;0.0;0;0
660;oyente;v7;SameFunctionReentrancy;NonVulnerableFixedAddress;0.0;0;0
661;oyente;v7;SameFunctionReentrancy;NonVulnerableUserDefinedAddress;0.0;0;0
662;oyente;v7;SameFunctionReentrancy;ReentrantCodePartsFixedAddress;0.0;0;0
663;oyente;v7;SameFunctionReentrancy;ReentrantCodePartsUserDefinedAddress;0.0;0;0
664;oyente;v7;SameFunctionReentrancy;SendFixedAddress;0.0;0;0
665;oyente;v7;SameFunctionReentrancy;SendUserDefinedAddress;0.0;0;0
666;oyente;v7;SameFunctionReentrancy;TransferFixedAddress;0.0;0;0
667;oyente;v7;SameFunctionReentrancy;TransferUserDefinedAddress;0.0;0;0
668;oyente;v7;SameFunctionReentrancy;VulnerableEtherLossFixedAddress;2.0;0;1
669;oyente;v7;SameFunctionReentrancy;VulnerableEtherLossUserDefinedAddress;2.0;0;1
670;oyente;v7;SameFunctionReentrancy;VulnerableNoEtherLossFixedAddress;0.0;0;1
671;oyente;v7;SameFunctionReentrancy;VulnerableNoEtherLossUserDefinedAddress;0.0;0;1
672;oyente;v8;CreateBasedReentrancy;NonReentrant;0.0;1;0
673;oyente;v8;CreateBasedReentrancy;NonVulnerableFixedAddress;0.0;1;0
674;oyente;v8;CreateBasedReentrancy;NonVulnerableUserDefinedAddress;0.0;1;0
675;oyente;v8;CreateBasedReentrancy;ReentrantCodePartsFixedAddress;0.0;0;0
676;oyente;v8;CreateBasedReentrancy;ReentrantCodePartsUserDefinedAddress;0.0;0;0
677;oyente;v8;CreateBasedReentrancy;VulnerableEtherLossFixedAddress;0.0;0;1
678;oyente;v8;CreateBasedReentrancy;VulnerableEtherLossUserDefinedAddress;0.0;0;1
679;oyente;v8;CreateBasedReentrancy;VulnerableNoEtherLossFixedAddress;0.0;1;1
680;oyente;v8;CreateBasedReentrancy;VulnerableNoEtherLossUserDefinedAddress;0.0;1;1
681;oyente;v8;CrossFunctionReentrancy;NonReentrant;0.0;0;0
682;oyente;v8;CrossFunctionReentrancy;NonVulnerableFixedAddress;0.0;0;0
683;oyente;v8;CrossFunctionReentrancy;NonVulnerableUserDefinedAddress;0.0;0;0
684;oyente;v8;CrossFunctionReentrancy;ReentrantCodePartsFixedAddress;0.0;0;0
685;oyente;v8;CrossFunctionReentrancy;ReentrantCodePartsUserDefinedAddress;0.0;0;0
686;oyente;v8;CrossFunctionReentrancy;SendFixedAddress;0.0;0;0
687;oyente;v8;CrossFunctionReentrancy;SendUserDefinedAddress;0.0;0;0
688;oyente;v8;CrossFunctionReentrancy;TransferFixedAddress;0.0;0;0
689;oyente;v8;CrossFunctionReentrancy;TransferUserDefinedAddress;0.0;0;0
690;oyente;v8;CrossFunctionReentrancy;VulnerableEtherLossFixedAddress;0.0;0;1
691;oyente;v8;CrossFunctionReentrancy;VulnerableEtherLossUserDefinedAddress;0.0;0;1
692;oyente;v8;CrossFunctionReentrancy;VulnerableNoEtherLossFixedAddress;0.0;0;1
693;oyente;v8;CrossFunctionReentrancy;VulnerableNoEtherLossUserDefinedAddress;0.0;0;1
694;oyente;v8;DelegatedReentrancy;NonReentrant;0.0;0;0
695;oyente;v8;DelegatedReentrancy;NonVulnerableFixedAddress;0.0;0;0
696;oyente;v8;DelegatedReentrancy;NonVulnerableUserDefinedAddress;0.0;0;0
697;oyente;v8;DelegatedReentrancy;ReentrantCodePartsFixedAddress;1.0;0;0
698;oyente;v8;DelegatedReentrancy;ReentrantCodePartsUserDefinedAddress;1.0;0;0
699;oyente;v8;DelegatedReentrancy;SendFixedAddress;0.0;0;0
700;oyente;v8;DelegatedReentrancy;SendUserDefinedAddress;0.0;0;0
701;oyente;v8;DelegatedReentrancy;TransferFixedAddress;0.0;0;0
702;oyente;v8;DelegatedReentrancy;TransferUserDefinedAddress;0.0;0;0
703;oyente;v8;DelegatedReentrancy;VulnerableEtherLossFixedAddress;1.0;0;1
704;oyente;v8;DelegatedReentrancy;VulnerableEtherLossUserDefinedAddress;1.0;0;1
705;oyente;v8;DelegatedReentrancy;VulnerableNoEtherLossFixedAddress;0.0;0;1
706;oyente;v8;DelegatedReentrancy;VulnerableNoEtherLossUserDefinedAddress;0.0;0;1
707;oyente;v8;SameFunctionReentrancy;NonReentrant;0.0;0;0
708;oyente;v8;SameFunctionReentrancy;NonVulnerableFixedAddress;0.0;0;0
709;oyente;v8;SameFunctionReentrancy;NonVulnerableUserDefinedAddress;0.0;0;0
710;oyente;v8;SameFunctionReentrancy;ReentrantCodePartsFixedAddress;0.0;0;0
711;oyente;v8;SameFunctionReentrancy;ReentrantCodePartsUserDefinedAddress;0.0;0;0
712;oyente;v8;SameFunctionReentrancy;SendFixedAddress;0.0;0;0
713;oyente;v8;SameFunctionReentrancy;SendUserDefinedAddress;0.0;0;0
714;oyente;v8;SameFunctionReentrancy;TransferFixedAddress;0.0;0;0
715;oyente;v8;SameFunctionReentrancy;TransferUserDefinedAddress;0.0;0;0
716;oyente;v8;SameFunctionReentrancy;VulnerableEtherLossFixedAddress;1.0;0;1
717;oyente;v8;SameFunctionReentrancy;VulnerableEtherLossUserDefinedAddress;1.0;0;1
718;oyente;v8;SameFunctionReentrancy;VulnerableNoEtherLossFixedAddress;0.0;0;1
719;oyente;v8;SameFunctionReentrancy;VulnerableNoEtherLossUserDefinedAddress;0.0;0;1
720;sailfish;v4;CreateBasedReentrancy;NonReentrant;0.0;0;0
721;sailfish;v4;CreateBasedReentrancy;NonVulnerableFixedAddress;0.0;0;0
722;sailfish;v4;CreateBasedReentrancy;NonVulnerableUserDefinedAddress;0.0;0;0
723;sailfish;v4;CreateBasedReentrancy;ReentrantCodePartsFixedAddress;0.0;0;0
724;sailfish;v4;CreateBasedReentrancy;ReentrantCodePartsUserDefinedAddress;0.0;0;0
725;sailfish;v4;CreateBasedReentrancy;VulnerableEtherLossFixedAddress;0.0;0;1
726;sailfish;v4;CreateBasedReentrancy;VulnerableEtherLossUserDefinedAddress;1.0;0;1
727;sailfish;v4;CreateBasedReentrancy;VulnerableNoEtherLossFixedAddress;0.0;0;1
728;sailfish;v4;CreateBasedReentrancy;VulnerableNoEtherLossUserDefinedAddress;1.0;0;1
729;sailfish;v4;CrossFunctionReentrancy;NonReentrant;0.0;0;0
730;sailfish;v4;CrossFunctionReentrancy;NonVulnerableFixedAddress;0.0;0;0
731;sailfish;v4;CrossFunctionReentrancy;NonVulnerableUserDefinedAddress;0.0;0;0
732;sailfish;v4;CrossFunctionReentrancy;ReentrantCodePartsFixedAddress;0.0;0;0
733;sailfish;v4;CrossFunctionReentrancy;ReentrantCodePartsUserDefinedAddress;0.0;0;0
734;sailfish;v4;CrossFunctionReentrancy;SendFixedAddress;0.0;0;0
735;sailfish;v4;CrossFunctionReentrancy;SendUserDefinedAddress;0.0;0;0
736;sailfish;v4;CrossFunctionReentrancy;TransferFixedAddress;0.0;0;0
737;sailfish;v4;CrossFunctionReentrancy;TransferUserDefinedAddress;0.0;0;0
738;sailfish;v4;CrossFunctionReentrancy;VulnerableEtherLossFixedAddress;0.0;0;1
739;sailfish;v4;CrossFunctionReentrancy;VulnerableEtherLossUserDefinedAddress;1.0;0;1
740;sailfish;v4;CrossFunctionReentrancy;VulnerableNoEtherLossFixedAddress;0.0;0;1
741;sailfish;v4;CrossFunctionReentrancy;VulnerableNoEtherLossUserDefinedAddress;1.0;0;1
742;sailfish;v4;DelegatedReentrancy;NonReentrant;0.0;0;0
743;sailfish;v4;DelegatedReentrancy;NonVulnerableFixedAddress;0.0;0;0
744;sailfish;v4;DelegatedReentrancy;NonVulnerableUserDefinedAddress;0.0;0;0
745;sailfish;v4;DelegatedReentrancy;ReentrantCodePartsFixedAddress;0.0;0;0
746;sailfish;v4;DelegatedReentrancy;ReentrantCodePartsUserDefinedAddress;0.0;0;0
747;sailfish;v4;DelegatedReentrancy;SendFixedAddress;0.0;0;0
748;sailfish;v4;DelegatedReentrancy;SendUserDefinedAddress;1.0;0;0
749;sailfish;v4;DelegatedReentrancy;TransferFixedAddress;0.0;0;0
750;sailfish;v4;DelegatedReentrancy;TransferUserDefinedAddress;1.0;0;0
751;sailfish;v4;DelegatedReentrancy;VulnerableEtherLossFixedAddress;0.0;0;1
752;sailfish;v4;DelegatedReentrancy;VulnerableEtherLossUserDefinedAddress;1.0;0;1
753;sailfish;v4;DelegatedReentrancy;VulnerableNoEtherLossFixedAddress;0.0;0;1
754;sailfish;v4;DelegatedReentrancy;VulnerableNoEtherLossUserDefinedAddress;0.0;0;1
755;sailfish;v4;SameFunctionReentrancy;NonReentrant;0.0;0;0
756;sailfish;v4;SameFunctionReentrancy;NonVulnerableFixedAddress;0.0;0;0
757;sailfish;v4;SameFunctionReentrancy;NonVulnerableUserDefinedAddress;0.0;0;0
758;sailfish;v4;SameFunctionReentrancy;ReentrantCodePartsFixedAddress;0.0;0;0
759;sailfish;v4;SameFunctionReentrancy;ReentrantCodePartsUserDefinedAddress;0.0;0;0
760;sailfish;v4;SameFunctionReentrancy;SendFixedAddress;0.0;0;0
761;sailfish;v4;SameFunctionReentrancy;SendUserDefinedAddress;0.0;0;0
762;sailfish;v4;SameFunctionReentrancy;TransferFixedAddress;0.0;0;0
763;sailfish;v4;SameFunctionReentrancy;TransferUserDefinedAddress;0.0;0;0
764;sailfish;v4;SameFunctionReentrancy;VulnerableEtherLossFixedAddress;0.0;0;1
765;sailfish;v4;SameFunctionReentrancy;VulnerableEtherLossUserDefinedAddress;1.0;0;1
766;sailfish;v4;SameFunctionReentrancy;VulnerableNoEtherLossFixedAddress;0.0;0;1
767;sailfish;v4;SameFunctionReentrancy;VulnerableNoEtherLossUserDefinedAddress;1.0;0;1
768;sailfish;v5;CreateBasedReentrancy;NonReentrant;0.0;0;0
769;sailfish;v5;CreateBasedReentrancy;NonVulnerableFixedAddress;0.0;0;0
770;sailfish;v5;CreateBasedReentrancy;NonVulnerableUserDefinedAddress;0.0;0;0
771;sailfish;v5;CreateBasedReentrancy;ReentrantCodePartsFixedAddress;0.0;0;0
772;sailfish;v5;CreateBasedReentrancy;ReentrantCodePartsUserDefinedAddress;0.0;0;0
773;sailfish;v5;CreateBasedReentrancy;VulnerableEtherLossFixedAddress;0.0;0;1
774;sailfish;v5;CreateBasedReentrancy;VulnerableEtherLossUserDefinedAddress;1.0;0;1
775;sailfish;v5;CreateBasedReentrancy;VulnerableNoEtherLossFixedAddress;0.0;0;1
776;sailfish;v5;CreateBasedReentrancy;VulnerableNoEtherLossUserDefinedAddress;1.0;0;1
777;sailfish;v5;CrossFunctionReentrancy;NonReentrant;0.0;0;0
778;sailfish;v5;CrossFunctionReentrancy;NonVulnerableFixedAddress;0.0;0;0
779;sailfish;v5;CrossFunctionReentrancy;NonVulnerableUserDefinedAddress;0.0;0;0
780;sailfish;v5;CrossFunctionReentrancy;ReentrantCodePartsFixedAddress;0.0;0;0
781;sailfish;v5;CrossFunctionReentrancy;ReentrantCodePartsUserDefinedAddress;0.0;0;0
782;sailfish;v5;CrossFunctionReentrancy;SendFixedAddress;0.0;0;0
783;sailfish;v5;CrossFunctionReentrancy;SendUserDefinedAddress;0.0;0;0
784;sailfish;v5;CrossFunctionReentrancy;TransferFixedAddress;0.0;0;0
785;sailfish;v5;CrossFunctionReentrancy;TransferUserDefinedAddress;0.0;0;0
786;sailfish;v5;CrossFunctionReentrancy;VulnerableEtherLossFixedAddress;0.0;0;1
787;sailfish;v5;CrossFunctionReentrancy;VulnerableEtherLossUserDefinedAddress;1.0;0;1
788;sailfish;v5;CrossFunctionReentrancy;VulnerableNoEtherLossFixedAddress;0.0;0;1
789;sailfish;v5;CrossFunctionReentrancy;VulnerableNoEtherLossUserDefinedAddress;1.0;0;1
790;sailfish;v5;DelegatedReentrancy;NonReentrant;0.0;0;0
791;sailfish;v5;DelegatedReentrancy;NonVulnerableFixedAddress;0.0;0;0
792;sailfish;v5;DelegatedReentrancy;NonVulnerableUserDefinedAddress;0.0;0;0
793;sailfish;v5;DelegatedReentrancy;ReentrantCodePartsFixedAddress;0.0;0;0
794;sailfish;v5;DelegatedReentrancy;ReentrantCodePartsUserDefinedAddress;0.0;0;0
795;sailfish;v5;DelegatedReentrancy;SendFixedAddress;0.0;0;0
796;sailfish;v5;DelegatedReentrancy;SendUserDefinedAddress;1.0;0;0
797;sailfish;v5;DelegatedReentrancy;TransferFixedAddress;0.0;0;0
798;sailfish;v5;DelegatedReentrancy;TransferUserDefinedAddress;1.0;0;0
799;sailfish;v5;DelegatedReentrancy;VulnerableEtherLossFixedAddress;0.0;0;1
800;sailfish;v5;DelegatedReentrancy;VulnerableEtherLossUserDefinedAddress;1.0;0;1
801;sailfish;v5;DelegatedReentrancy;VulnerableNoEtherLossFixedAddress;0.0;0;1
802;sailfish;v5;DelegatedReentrancy;VulnerableNoEtherLossUserDefinedAddress;0.0;0;1
803;sailfish;v5;SameFunctionReentrancy;NonReentrant;0.0;0;0
804;sailfish;v5;SameFunctionReentrancy;NonVulnerableFixedAddress;0.0;0;0
805;sailfish;v5;SameFunctionReentrancy;NonVulnerableUserDefinedAddress;0.0;0;0
806;sailfish;v5;SameFunctionReentrancy;ReentrantCodePartsFixedAddress;0.0;1;0
807;sailfish;v5;SameFunctionReentrancy;ReentrantCodePartsUserDefinedAddress;0.0;1;0
808;sailfish;v5;SameFunctionReentrancy;SendFixedAddress;0.0;0;0
809;sailfish;v5;SameFunctionReentrancy;SendUserDefinedAddress;0.0;0;0
810;sailfish;v5;SameFunctionReentrancy;TransferFixedAddress;0.0;0;0
811;sailfish;v5;SameFunctionReentrancy;TransferUserDefinedAddress;0.0;0;0
812;sailfish;v5;SameFunctionReentrancy;VulnerableEtherLossFixedAddress;0.0;1;1
813;sailfish;v5;SameFunctionReentrancy;VulnerableEtherLossUserDefinedAddress;0.0;1;1
814;sailfish;v5;SameFunctionReentrancy;VulnerableNoEtherLossFixedAddress;0.0;0;1
815;sailfish;v5;SameFunctionReentrancy;VulnerableNoEtherLossUserDefinedAddress;1.0;0;1
816;sailfish;v6;CreateBasedReentrancy;NonReentrant;0.0;0;0
817;sailfish;v6;CreateBasedReentrancy;NonVulnerableFixedAddress;0.0;0;0
818;sailfish;v6;CreateBasedReentrancy;NonVulnerableUserDefinedAddress;0.0;0;0
819;sailfish;v6;CreateBasedReentrancy;ReentrantCodePartsFixedAddress;0.0;0;0
820;sailfish;v6;CreateBasedReentrancy;ReentrantCodePartsUserDefinedAddress;0.0;0;0
821;sailfish;v6;CreateBasedReentrancy;VulnerableEtherLossFixedAddress;0.0;0;1
822;sailfish;v6;CreateBasedReentrancy;VulnerableEtherLossUserDefinedAddress;1.0;0;1
823;sailfish;v6;CreateBasedReentrancy;VulnerableNoEtherLossFixedAddress;0.0;0;1
824;sailfish;v6;CreateBasedReentrancy;VulnerableNoEtherLossUserDefinedAddress;1.0;0;1
825;sailfish;v6;CrossFunctionReentrancy;NonReentrant;0.0;0;0
826;sailfish;v6;CrossFunctionReentrancy;NonVulnerableFixedAddress;0.0;1;0
827;sailfish;v6;CrossFunctionReentrancy;NonVulnerableUserDefinedAddress;0.0;1;0
828;sailfish;v6;CrossFunctionReentrancy;ReentrantCodePartsFixedAddress;0.0;1;0
829;sailfish;v6;CrossFunctionReentrancy;ReentrantCodePartsUserDefinedAddress;0.0;1;0
830;sailfish;v6;CrossFunctionReentrancy;SendFixedAddress;0.0;0;0
831;sailfish;v6;CrossFunctionReentrancy;SendUserDefinedAddress;0.0;0;0
832;sailfish;v6;CrossFunctionReentrancy;TransferFixedAddress;0.0;0;0
833;sailfish;v6;CrossFunctionReentrancy;TransferUserDefinedAddress;0.0;0;0
834;sailfish;v6;CrossFunctionReentrancy;VulnerableEtherLossFixedAddress;0.0;1;1
835;sailfish;v6;CrossFunctionReentrancy;VulnerableEtherLossUserDefinedAddress;0.0;1;1
836;sailfish;v6;CrossFunctionReentrancy;VulnerableNoEtherLossFixedAddress;0.0;1;1
837;sailfish;v6;CrossFunctionReentrancy;VulnerableNoEtherLossUserDefinedAddress;0.0;1;1
838;sailfish;v6;DelegatedReentrancy;NonReentrant;0.0;0;0
839;sailfish;v6;DelegatedReentrancy;NonVulnerableFixedAddress;0.0;0;0
840;sailfish;v6;DelegatedReentrancy;NonVulnerableUserDefinedAddress;0.0;0;0
841;sailfish;v6;DelegatedReentrancy;ReentrantCodePartsFixedAddress;0.0;1;0
842;sailfish;v6;DelegatedReentrancy;ReentrantCodePartsUserDefinedAddress;0.0;1;0
843;sailfish;v6;DelegatedReentrancy;SendFixedAddress;0.0;0;0
844;sailfish;v6;DelegatedReentrancy;SendUserDefinedAddress;1.0;0;0
845;sailfish;v6;DelegatedReentrancy;TransferFixedAddress;0.0;0;0
846;sailfish;v6;DelegatedReentrancy;TransferUserDefinedAddress;1.0;0;0
847;sailfish;v6;DelegatedReentrancy;VulnerableEtherLossFixedAddress;0.0;1;1
848;sailfish;v6;DelegatedReentrancy;VulnerableEtherLossUserDefinedAddress;0.0;1;1
849;sailfish;v6;DelegatedReentrancy;VulnerableNoEtherLossFixedAddress;0.0;0;1
850;sailfish;v6;DelegatedReentrancy;VulnerableNoEtherLossUserDefinedAddress;0.0;0;1
851;sailfish;v6;SameFunctionReentrancy;NonReentrant;0.0;0;0
852;sailfish;v6;SameFunctionReentrancy;NonVulnerableFixedAddress;0.0;0;0
853;sailfish;v6;SameFunctionReentrancy;NonVulnerableUserDefinedAddress;0.0;0;0
854;sailfish;v6;SameFunctionReentrancy;ReentrantCodePartsFixedAddress;0.0;1;0
855;sailfish;v6;SameFunctionReentrancy;ReentrantCodePartsUserDefinedAddress;0.0;1;0
856;sailfish;v6;SameFunctionReentrancy;SendFixedAddress;0.0;0;0
857;sailfish;v6;SameFunctionReentrancy;SendUserDefinedAddress;0.0;0;0
858;sailfish;v6;SameFunctionReentrancy;TransferFixedAddress;0.0;0;0
859;sailfish;v6;SameFunctionReentrancy;TransferUserDefinedAddress;0.0;0;0
860;sailfish;v6;SameFunctionReentrancy;VulnerableEtherLossFixedAddress;0.0;1;1
861;sailfish;v6;SameFunctionReentrancy;VulnerableEtherLossUserDefinedAddress;0.0;1;1
862;sailfish;v6;SameFunctionReentrancy;VulnerableNoEtherLossFixedAddress;0.0;0;1
863;sailfish;v6;SameFunctionReentrancy;VulnerableNoEtherLossUserDefinedAddress;0.0;0;1
