;tool;sol_version;analysis;type;subtype;insecure;error;ground_truth
0;mythril-0.23.15;v4;source code;CreateBasedReentrancy;NonReentrant;0;0;0
1;mythril-0.23.15;v4;source code;CreateBasedReentrancy;NonVulnerableFixedAddress;0;0;0
2;mythril-0.23.15;v4;source code;CreateBasedReentrancy;NonVulnerableUserDefinedAddress;0;0;0
3;mythril-0.23.15;v4;source code;CreateBasedReentrancy;ReentrantCodePartsFixedAddress;0;0;0
4;mythril-0.23.15;v4;source code;CreateBasedReentrancy;ReentrantCodePartsUserDefinedAddress;0;0;0
5;mythril-0.23.15;v4;source code;CreateBasedReentrancy;SendFixedAddress;;1;0
6;mythril-0.23.15;v4;source code;CreateBasedReentrancy;SendUserDefinedAddress;;1;0
7;mythril-0.23.15;v4;source code;CreateBasedReentrancy;TransferFixedAddress;0;0;0
8;mythril-0.23.15;v4;source code;CreateBasedReentrancy;TransferUserDefinedAddress;0;0;0
9;mythril-0.23.15;v4;source code;CreateBasedReentrancy;VulnerableEtherLossFixedAddress;0;0;1
10;mythril-0.23.15;v4;source code;CreateBasedReentrancy;VulnerableEtherLossUserDefinedAddress;0;0;1
11;mythril-0.23.15;v4;source code;CreateBasedReentrancy;VulnerableNoEtherLossFixedAddress;0;0;1
12;mythril-0.23.15;v4;source code;CreateBasedReentrancy;VulnerableNoEtherLossUserDefinedAddress;0;0;1
13;mythril-0.23.15;v4;source code;CrossFunctionReentrancy;NonReentrant;0;0;0
14;mythril-0.23.15;v4;source code;CrossFunctionReentrancy;NonVulnerableFixedAddress;0;0;0
15;mythril-0.23.15;v4;source code;CrossFunctionReentrancy;NonVulnerableUserDefinedAddress;0;0;0
16;mythril-0.23.15;v4;source code;CrossFunctionReentrancy;ReentrantCodePartsFixedAddress;0;0;0
17;mythril-0.23.15;v4;source code;CrossFunctionReentrancy;ReentrantCodePartsUserDefinedAddress;0;0;0
18;mythril-0.23.15;v4;source code;CrossFunctionReentrancy;SendFixedAddress;0;0;0
19;mythril-0.23.15;v4;source code;CrossFunctionReentrancy;SendUserDefinedAddress;0;0;0
20;mythril-0.23.15;v4;source code;CrossFunctionReentrancy;TransferFixedAddress;0;0;0
21;mythril-0.23.15;v4;source code;CrossFunctionReentrancy;TransferUserDefinedAddress;0;0;0
22;mythril-0.23.15;v4;source code;CrossFunctionReentrancy;VulnerableEtherLossFixedAddress;0;0;1
23;mythril-0.23.15;v4;source code;CrossFunctionReentrancy;VulnerableEtherLossUserDefinedAddress;0;0;1
24;mythril-0.23.15;v4;source code;CrossFunctionReentrancy;VulnerableNoEtherLossFixedAddress;0;0;1
25;mythril-0.23.15;v4;source code;CrossFunctionReentrancy;VulnerableNoEtherLossUserDefinedAddress;0;0;1
26;mythril-0.23.15;v4;source code;DelegatedReentrancy;NonReentrant;0;0;0
27;mythril-0.23.15;v4;source code;DelegatedReentrancy;NonVulnerableFixedAddress;0;0;0
28;mythril-0.23.15;v4;source code;DelegatedReentrancy;NonVulnerableUserDefinedAddress;0;0;0
29;mythril-0.23.15;v4;source code;DelegatedReentrancy;ReentrantCodePartsFixedAddress;0;0;0
30;mythril-0.23.15;v4;source code;DelegatedReentrancy;ReentrantCodePartsUserDefinedAddress;0;0;0
31;mythril-0.23.15;v4;source code;DelegatedReentrancy;SendFixedAddress;0;0;0
32;mythril-0.23.15;v4;source code;DelegatedReentrancy;SendUserDefinedAddress;0;0;0
33;mythril-0.23.15;v4;source code;DelegatedReentrancy;TransferFixedAddress;0;0;0
34;mythril-0.23.15;v4;source code;DelegatedReentrancy;TransferUserDefinedAddress;0;0;0
35;mythril-0.23.15;v4;source code;DelegatedReentrancy;VulnerableEtherLossFixedAddress;0;0;1
36;mythril-0.23.15;v4;source code;DelegatedReentrancy;VulnerableEtherLossUserDefinedAddress;0;0;1
37;mythril-0.23.15;v4;source code;DelegatedReentrancy;VulnerableNoEtherLossFixedAddress;1;0;1
38;mythril-0.23.15;v4;source code;DelegatedReentrancy;VulnerableNoEtherLossUserDefinedAddress;1;0;1
39;mythril-0.23.15;v4;source code;SameFunctionReentrancy;NonReentrant;0;0;0
40;mythril-0.23.15;v4;source code;SameFunctionReentrancy;NonVulnerableFixedAddress;0;0;0
41;mythril-0.23.15;v4;source code;SameFunctionReentrancy;NonVulnerableUserDefinedAddress;1;0;0
42;mythril-0.23.15;v4;source code;SameFunctionReentrancy;ReentrantCodePartsFixedAddress;1;0;0
43;mythril-0.23.15;v4;source code;SameFunctionReentrancy;ReentrantCodePartsUserDefinedAddress;1;0;0
44;mythril-0.23.15;v4;source code;SameFunctionReentrancy;SendFixedAddress;0;0;0
45;mythril-0.23.15;v4;source code;SameFunctionReentrancy;SendUserDefinedAddress;0;0;0
46;mythril-0.23.15;v4;source code;SameFunctionReentrancy;TransferFixedAddress;0;0;0
47;mythril-0.23.15;v4;source code;SameFunctionReentrancy;TransferUserDefinedAddress;0;0;0
48;mythril-0.23.15;v4;source code;SameFunctionReentrancy;VulnerableEtherLossFixedAddress;1;0;1
49;mythril-0.23.15;v4;source code;SameFunctionReentrancy;VulnerableEtherLossUserDefinedAddress;1;0;1
50;mythril-0.23.15;v4;source code;SameFunctionReentrancy;VulnerableNoEtherLossFixedAddress;1;0;1
51;mythril-0.23.15;v4;source code;SameFunctionReentrancy;VulnerableNoEtherLossUserDefinedAddress;1;0;1
52;mythril-0.23.15;v5;source code;CreateBasedReentrancy;NonReentrant;0;0;0
53;mythril-0.23.15;v5;source code;CreateBasedReentrancy;NonVulnerableFixedAddress;0;0;0
54;mythril-0.23.15;v5;source code;CreateBasedReentrancy;NonVulnerableUserDefinedAddress;0;0;0
55;mythril-0.23.15;v5;source code;CreateBasedReentrancy;ReentrantCodePartsFixedAddress;0;0;0
56;mythril-0.23.15;v5;source code;CreateBasedReentrancy;ReentrantCodePartsUserDefinedAddress;0;0;0
57;mythril-0.23.15;v5;source code;CreateBasedReentrancy;SendFixedAddress;;1;0
58;mythril-0.23.15;v5;source code;CreateBasedReentrancy;SendUserDefinedAddress;;1;0
59;mythril-0.23.15;v5;source code;CreateBasedReentrancy;TransferFixedAddress;0;0;0
60;mythril-0.23.15;v5;source code;CreateBasedReentrancy;TransferUserDefinedAddress;0;0;0
61;mythril-0.23.15;v5;source code;CreateBasedReentrancy;VulnerableEtherLossFixedAddress;0;0;1
62;mythril-0.23.15;v5;source code;CreateBasedReentrancy;VulnerableEtherLossUserDefinedAddress;0;0;1
63;mythril-0.23.15;v5;source code;CreateBasedReentrancy;VulnerableNoEtherLossFixedAddress;0;0;1
64;mythril-0.23.15;v5;source code;CreateBasedReentrancy;VulnerableNoEtherLossUserDefinedAddress;0;0;1
65;mythril-0.23.15;v5;source code;CrossFunctionReentrancy;NonReentrant;0;0;0
66;mythril-0.23.15;v5;source code;CrossFunctionReentrancy;NonVulnerableFixedAddress;0;0;0
67;mythril-0.23.15;v5;source code;CrossFunctionReentrancy;NonVulnerableUserDefinedAddress;0;0;0
68;mythril-0.23.15;v5;source code;CrossFunctionReentrancy;ReentrantCodePartsFixedAddress;0;0;0
69;mythril-0.23.15;v5;source code;CrossFunctionReentrancy;ReentrantCodePartsUserDefinedAddress;0;0;0
70;mythril-0.23.15;v5;source code;CrossFunctionReentrancy;SendFixedAddress;0;0;0
71;mythril-0.23.15;v5;source code;CrossFunctionReentrancy;SendUserDefinedAddress;0;0;0
72;mythril-0.23.15;v5;source code;CrossFunctionReentrancy;TransferFixedAddress;0;0;0
73;mythril-0.23.15;v5;source code;CrossFunctionReentrancy;TransferUserDefinedAddress;0;0;0
74;mythril-0.23.15;v5;source code;CrossFunctionReentrancy;VulnerableEtherLossFixedAddress;0;0;1
75;mythril-0.23.15;v5;source code;CrossFunctionReentrancy;VulnerableEtherLossUserDefinedAddress;0;0;1
76;mythril-0.23.15;v5;source code;CrossFunctionReentrancy;VulnerableNoEtherLossFixedAddress;0;0;1
77;mythril-0.23.15;v5;source code;CrossFunctionReentrancy;VulnerableNoEtherLossUserDefinedAddress;0;0;1
78;mythril-0.23.15;v5;source code;DelegatedReentrancy;NonReentrant;0;0;0
79;mythril-0.23.15;v5;source code;DelegatedReentrancy;NonVulnerableFixedAddress;0;0;0
80;mythril-0.23.15;v5;source code;DelegatedReentrancy;NonVulnerableUserDefinedAddress;0;0;0
81;mythril-0.23.15;v5;source code;DelegatedReentrancy;ReentrantCodePartsFixedAddress;1;0;0
82;mythril-0.23.15;v5;source code;DelegatedReentrancy;ReentrantCodePartsUserDefinedAddress;1;0;0
83;mythril-0.23.15;v5;source code;DelegatedReentrancy;SendFixedAddress;1;0;0
84;mythril-0.23.15;v5;source code;DelegatedReentrancy;SendUserDefinedAddress;1;0;0
85;mythril-0.23.15;v5;source code;DelegatedReentrancy;TransferFixedAddress;1;0;0
86;mythril-0.23.15;v5;source code;DelegatedReentrancy;TransferUserDefinedAddress;1;0;0
87;mythril-0.23.15;v5;source code;DelegatedReentrancy;VulnerableEtherLossFixedAddress;1;0;1
88;mythril-0.23.15;v5;source code;DelegatedReentrancy;VulnerableEtherLossUserDefinedAddress;1;0;1
89;mythril-0.23.15;v5;source code;DelegatedReentrancy;VulnerableNoEtherLossFixedAddress;1;0;1
90;mythril-0.23.15;v5;source code;DelegatedReentrancy;VulnerableNoEtherLossUserDefinedAddress;1;0;1
91;mythril-0.23.15;v5;source code;SameFunctionReentrancy;NonReentrant;0;0;0
92;mythril-0.23.15;v5;source code;SameFunctionReentrancy;NonVulnerableFixedAddress;0;0;0
93;mythril-0.23.15;v5;source code;SameFunctionReentrancy;NonVulnerableUserDefinedAddress;1;0;0
94;mythril-0.23.15;v5;source code;SameFunctionReentrancy;ReentrantCodePartsFixedAddress;1;0;0
95;mythril-0.23.15;v5;source code;SameFunctionReentrancy;ReentrantCodePartsUserDefinedAddress;1;0;0
96;mythril-0.23.15;v5;source code;SameFunctionReentrancy;SendFixedAddress;0;0;0
97;mythril-0.23.15;v5;source code;SameFunctionReentrancy;SendUserDefinedAddress;0;0;0
98;mythril-0.23.15;v5;source code;SameFunctionReentrancy;TransferFixedAddress;0;0;0
99;mythril-0.23.15;v5;source code;SameFunctionReentrancy;TransferUserDefinedAddress;0;0;0
100;mythril-0.23.15;v5;source code;SameFunctionReentrancy;VulnerableEtherLossFixedAddress;1;0;1
101;mythril-0.23.15;v5;source code;SameFunctionReentrancy;VulnerableEtherLossUserDefinedAddress;1;0;1
102;mythril-0.23.15;v5;source code;SameFunctionReentrancy;VulnerableNoEtherLossFixedAddress;1;0;1
103;mythril-0.23.15;v5;source code;SameFunctionReentrancy;VulnerableNoEtherLossUserDefinedAddress;1;0;1
104;mythril-0.23.15;v6;source code;CreateBasedReentrancy;NonReentrant;0;0;0
105;mythril-0.23.15;v6;source code;CreateBasedReentrancy;NonVulnerableFixedAddress;0;0;0
106;mythril-0.23.15;v6;source code;CreateBasedReentrancy;NonVulnerableUserDefinedAddress;0;0;0
107;mythril-0.23.15;v6;source code;CreateBasedReentrancy;ReentrantCodePartsFixedAddress;0;0;0
108;mythril-0.23.15;v6;source code;CreateBasedReentrancy;ReentrantCodePartsUserDefinedAddress;0;0;0
109;mythril-0.23.15;v6;source code;CreateBasedReentrancy;SendFixedAddress;;1;0
110;mythril-0.23.15;v6;source code;CreateBasedReentrancy;SendUserDefinedAddress;;1;0
111;mythril-0.23.15;v6;source code;CreateBasedReentrancy;TransferFixedAddress;0;0;0
112;mythril-0.23.15;v6;source code;CreateBasedReentrancy;TransferUserDefinedAddress;0;0;0
113;mythril-0.23.15;v6;source code;CreateBasedReentrancy;VulnerableEtherLossFixedAddress;0;0;1
114;mythril-0.23.15;v6;source code;CreateBasedReentrancy;VulnerableEtherLossUserDefinedAddress;0;0;1
115;mythril-0.23.15;v6;source code;CreateBasedReentrancy;VulnerableNoEtherLossFixedAddress;0;0;1
116;mythril-0.23.15;v6;source code;CreateBasedReentrancy;VulnerableNoEtherLossUserDefinedAddress;0;0;1
117;mythril-0.23.15;v6;source code;CrossFunctionReentrancy;NonReentrant;0;0;0
118;mythril-0.23.15;v6;source code;CrossFunctionReentrancy;NonVulnerableFixedAddress;0;0;0
119;mythril-0.23.15;v6;source code;CrossFunctionReentrancy;NonVulnerableUserDefinedAddress;0;0;0
120;mythril-0.23.15;v6;source code;CrossFunctionReentrancy;ReentrantCodePartsFixedAddress;0;0;0
121;mythril-0.23.15;v6;source code;CrossFunctionReentrancy;ReentrantCodePartsUserDefinedAddress;0;0;0
122;mythril-0.23.15;v6;source code;CrossFunctionReentrancy;SendFixedAddress;0;0;0
123;mythril-0.23.15;v6;source code;CrossFunctionReentrancy;SendUserDefinedAddress;0;0;0
124;mythril-0.23.15;v6;source code;CrossFunctionReentrancy;TransferFixedAddress;0;0;0
125;mythril-0.23.15;v6;source code;CrossFunctionReentrancy;TransferUserDefinedAddress;0;0;0
126;mythril-0.23.15;v6;source code;CrossFunctionReentrancy;VulnerableEtherLossFixedAddress;0;0;1
127;mythril-0.23.15;v6;source code;CrossFunctionReentrancy;VulnerableEtherLossUserDefinedAddress;0;0;1
128;mythril-0.23.15;v6;source code;CrossFunctionReentrancy;VulnerableNoEtherLossFixedAddress;0;0;1
129;mythril-0.23.15;v6;source code;CrossFunctionReentrancy;VulnerableNoEtherLossUserDefinedAddress;0;0;1
130;mythril-0.23.15;v6;source code;DelegatedReentrancy;NonReentrant;0;0;0
131;mythril-0.23.15;v6;source code;DelegatedReentrancy;NonVulnerableFixedAddress;0;0;0
132;mythril-0.23.15;v6;source code;DelegatedReentrancy;NonVulnerableUserDefinedAddress;0;0;0
133;mythril-0.23.15;v6;source code;DelegatedReentrancy;ReentrantCodePartsFixedAddress;1;0;0
134;mythril-0.23.15;v6;source code;DelegatedReentrancy;ReentrantCodePartsUserDefinedAddress;1;0;0
135;mythril-0.23.15;v6;source code;DelegatedReentrancy;SendFixedAddress;1;0;0
136;mythril-0.23.15;v6;source code;DelegatedReentrancy;SendUserDefinedAddress;1;0;0
137;mythril-0.23.15;v6;source code;DelegatedReentrancy;TransferFixedAddress;1;0;0
138;mythril-0.23.15;v6;source code;DelegatedReentrancy;TransferUserDefinedAddress;1;0;0
139;mythril-0.23.15;v6;source code;DelegatedReentrancy;VulnerableEtherLossFixedAddress;1;0;1
140;mythril-0.23.15;v6;source code;DelegatedReentrancy;VulnerableEtherLossUserDefinedAddress;1;0;1
141;mythril-0.23.15;v6;source code;DelegatedReentrancy;VulnerableNoEtherLossFixedAddress;1;0;1
142;mythril-0.23.15;v6;source code;DelegatedReentrancy;VulnerableNoEtherLossUserDefinedAddress;1;0;1
143;mythril-0.23.15;v6;source code;SameFunctionReentrancy;NonReentrant;0;0;0
144;mythril-0.23.15;v6;source code;SameFunctionReentrancy;NonVulnerableFixedAddress;0;0;0
145;mythril-0.23.15;v6;source code;SameFunctionReentrancy;NonVulnerableUserDefinedAddress;1;0;0
146;mythril-0.23.15;v6;source code;SameFunctionReentrancy;ReentrantCodePartsFixedAddress;1;0;0
147;mythril-0.23.15;v6;source code;SameFunctionReentrancy;ReentrantCodePartsUserDefinedAddress;1;0;0
148;mythril-0.23.15;v6;source code;SameFunctionReentrancy;SendFixedAddress;0;0;0
149;mythril-0.23.15;v6;source code;SameFunctionReentrancy;SendUserDefinedAddress;0;0;0
150;mythril-0.23.15;v6;source code;SameFunctionReentrancy;TransferFixedAddress;0;0;0
151;mythril-0.23.15;v6;source code;SameFunctionReentrancy;TransferUserDefinedAddress;0;0;0
152;mythril-0.23.15;v6;source code;SameFunctionReentrancy;VulnerableEtherLossFixedAddress;1;0;1
153;mythril-0.23.15;v6;source code;SameFunctionReentrancy;VulnerableEtherLossUserDefinedAddress;1;0;1
154;mythril-0.23.15;v6;source code;SameFunctionReentrancy;VulnerableNoEtherLossFixedAddress;1;0;1
155;mythril-0.23.15;v6;source code;SameFunctionReentrancy;VulnerableNoEtherLossUserDefinedAddress;1;0;1
156;mythril-0.23.15;v7;source code;CreateBasedReentrancy;NonReentrant;0;0;0
157;mythril-0.23.15;v7;source code;CreateBasedReentrancy;NonVulnerableFixedAddress;0;0;0
158;mythril-0.23.15;v7;source code;CreateBasedReentrancy;NonVulnerableUserDefinedAddress;0;0;0
159;mythril-0.23.15;v7;source code;CreateBasedReentrancy;ReentrantCodePartsFixedAddress;0;0;0
160;mythril-0.23.15;v7;source code;CreateBasedReentrancy;ReentrantCodePartsUserDefinedAddress;0;0;0
161;mythril-0.23.15;v7;source code;CreateBasedReentrancy;SendFixedAddress;;1;0
162;mythril-0.23.15;v7;source code;CreateBasedReentrancy;SendUserDefinedAddress;;1;0
163;mythril-0.23.15;v7;source code;CreateBasedReentrancy;TransferFixedAddress;0;0;0
164;mythril-0.23.15;v7;source code;CreateBasedReentrancy;TransferUserDefinedAddress;0;0;0
165;mythril-0.23.15;v7;source code;CreateBasedReentrancy;VulnerableEtherLossFixedAddress;0;0;1
166;mythril-0.23.15;v7;source code;CreateBasedReentrancy;VulnerableEtherLossUserDefinedAddress;0;0;1
167;mythril-0.23.15;v7;source code;CreateBasedReentrancy;VulnerableNoEtherLossFixedAddress;0;0;1
168;mythril-0.23.15;v7;source code;CreateBasedReentrancy;VulnerableNoEtherLossUserDefinedAddress;0;0;1
169;mythril-0.23.15;v7;source code;CrossFunctionReentrancy;NonReentrant;0;0;0
170;mythril-0.23.15;v7;source code;CrossFunctionReentrancy;NonVulnerableFixedAddress;0;0;0
171;mythril-0.23.15;v7;source code;CrossFunctionReentrancy;NonVulnerableUserDefinedAddress;0;0;0
172;mythril-0.23.15;v7;source code;CrossFunctionReentrancy;ReentrantCodePartsFixedAddress;0;0;0
173;mythril-0.23.15;v7;source code;CrossFunctionReentrancy;ReentrantCodePartsUserDefinedAddress;0;0;0
174;mythril-0.23.15;v7;source code;CrossFunctionReentrancy;SendFixedAddress;0;0;0
175;mythril-0.23.15;v7;source code;CrossFunctionReentrancy;SendUserDefinedAddress;0;0;0
176;mythril-0.23.15;v7;source code;CrossFunctionReentrancy;TransferFixedAddress;0;0;0
177;mythril-0.23.15;v7;source code;CrossFunctionReentrancy;TransferUserDefinedAddress;0;0;0
178;mythril-0.23.15;v7;source code;CrossFunctionReentrancy;VulnerableEtherLossFixedAddress;0;0;1
179;mythril-0.23.15;v7;source code;CrossFunctionReentrancy;VulnerableEtherLossUserDefinedAddress;0;0;1
180;mythril-0.23.15;v7;source code;CrossFunctionReentrancy;VulnerableNoEtherLossFixedAddress;0;0;1
181;mythril-0.23.15;v7;source code;CrossFunctionReentrancy;VulnerableNoEtherLossUserDefinedAddress;0;0;1
182;mythril-0.23.15;v7;source code;DelegatedReentrancy;NonReentrant;0;0;0
183;mythril-0.23.15;v7;source code;DelegatedReentrancy;NonVulnerableFixedAddress;0;0;0
184;mythril-0.23.15;v7;source code;DelegatedReentrancy;NonVulnerableUserDefinedAddress;0;0;0
185;mythril-0.23.15;v7;source code;DelegatedReentrancy;ReentrantCodePartsFixedAddress;1;0;0
186;mythril-0.23.15;v7;source code;DelegatedReentrancy;ReentrantCodePartsUserDefinedAddress;1;0;0
187;mythril-0.23.15;v7;source code;DelegatedReentrancy;SendFixedAddress;1;0;0
188;mythril-0.23.15;v7;source code;DelegatedReentrancy;SendUserDefinedAddress;1;0;0
189;mythril-0.23.15;v7;source code;DelegatedReentrancy;TransferFixedAddress;1;0;0
190;mythril-0.23.15;v7;source code;DelegatedReentrancy;TransferUserDefinedAddress;1;0;0
191;mythril-0.23.15;v7;source code;DelegatedReentrancy;VulnerableEtherLossFixedAddress;1;0;1
192;mythril-0.23.15;v7;source code;DelegatedReentrancy;VulnerableEtherLossUserDefinedAddress;1;0;1
193;mythril-0.23.15;v7;source code;DelegatedReentrancy;VulnerableNoEtherLossFixedAddress;1;0;1
194;mythril-0.23.15;v7;source code;DelegatedReentrancy;VulnerableNoEtherLossUserDefinedAddress;1;0;1
195;mythril-0.23.15;v7;source code;SameFunctionReentrancy;NonReentrant;0;0;0
196;mythril-0.23.15;v7;source code;SameFunctionReentrancy;NonVulnerableFixedAddress;0;0;0
197;mythril-0.23.15;v7;source code;SameFunctionReentrancy;NonVulnerableUserDefinedAddress;1;0;0
198;mythril-0.23.15;v7;source code;SameFunctionReentrancy;ReentrantCodePartsFixedAddress;1;0;0
199;mythril-0.23.15;v7;source code;SameFunctionReentrancy;ReentrantCodePartsUserDefinedAddress;1;0;0
200;mythril-0.23.15;v7;source code;SameFunctionReentrancy;SendFixedAddress;0;0;0
201;mythril-0.23.15;v7;source code;SameFunctionReentrancy;SendUserDefinedAddress;0;0;0
202;mythril-0.23.15;v7;source code;SameFunctionReentrancy;TransferFixedAddress;0;0;0
203;mythril-0.23.15;v7;source code;SameFunctionReentrancy;TransferUserDefinedAddress;0;0;0
204;mythril-0.23.15;v7;source code;SameFunctionReentrancy;VulnerableEtherLossFixedAddress;1;0;1
205;mythril-0.23.15;v7;source code;SameFunctionReentrancy;VulnerableEtherLossUserDefinedAddress;1;0;1
206;mythril-0.23.15;v7;source code;SameFunctionReentrancy;VulnerableNoEtherLossFixedAddress;1;0;1
207;mythril-0.23.15;v7;source code;SameFunctionReentrancy;VulnerableNoEtherLossUserDefinedAddress;1;0;1
208;mythril-0.23.15;v8;source code;CreateBasedReentrancy;NonReentrant;0;0;0
209;mythril-0.23.15;v8;source code;CreateBasedReentrancy;NonVulnerableFixedAddress;0;0;0
210;mythril-0.23.15;v8;source code;CreateBasedReentrancy;NonVulnerableUserDefinedAddress;0;0;0
211;mythril-0.23.15;v8;source code;CreateBasedReentrancy;ReentrantCodePartsFixedAddress;0;0;0
212;mythril-0.23.15;v8;source code;CreateBasedReentrancy;ReentrantCodePartsUserDefinedAddress;0;0;0
213;mythril-0.23.15;v8;source code;CreateBasedReentrancy;SendFixedAddress;0;0;0
214;mythril-0.23.15;v8;source code;CreateBasedReentrancy;SendUserDefinedAddress;0;0;0
215;mythril-0.23.15;v8;source code;CreateBasedReentrancy;TransferFixedAddress;0;0;0
216;mythril-0.23.15;v8;source code;CreateBasedReentrancy;TransferUserDefinedAddress;0;0;0
217;mythril-0.23.15;v8;source code;CreateBasedReentrancy;VulnerableEtherLossFixedAddress;0;0;1
218;mythril-0.23.15;v8;source code;CreateBasedReentrancy;VulnerableEtherLossUserDefinedAddress;0;0;1
219;mythril-0.23.15;v8;source code;CreateBasedReentrancy;VulnerableNoEtherLossFixedAddress;0;0;1
220;mythril-0.23.15;v8;source code;CreateBasedReentrancy;VulnerableNoEtherLossUserDefinedAddress;0;0;1
221;mythril-0.23.15;v8;source code;CrossFunctionReentrancy;NonReentrant;0;0;0
222;mythril-0.23.15;v8;source code;CrossFunctionReentrancy;NonVulnerableFixedAddress;0;0;0
223;mythril-0.23.15;v8;source code;CrossFunctionReentrancy;NonVulnerableUserDefinedAddress;0;0;0
224;mythril-0.23.15;v8;source code;CrossFunctionReentrancy;ReentrantCodePartsFixedAddress;0;0;0
225;mythril-0.23.15;v8;source code;CrossFunctionReentrancy;ReentrantCodePartsUserDefinedAddress;0;0;0
226;mythril-0.23.15;v8;source code;CrossFunctionReentrancy;SendFixedAddress;0;0;0
227;mythril-0.23.15;v8;source code;CrossFunctionReentrancy;SendUserDefinedAddress;0;0;0
228;mythril-0.23.15;v8;source code;CrossFunctionReentrancy;TransferFixedAddress;0;0;0
229;mythril-0.23.15;v8;source code;CrossFunctionReentrancy;TransferUserDefinedAddress;0;0;0
230;mythril-0.23.15;v8;source code;CrossFunctionReentrancy;VulnerableEtherLossFixedAddress;0;0;1
231;mythril-0.23.15;v8;source code;CrossFunctionReentrancy;VulnerableEtherLossUserDefinedAddress;0;0;1
232;mythril-0.23.15;v8;source code;CrossFunctionReentrancy;VulnerableNoEtherLossFixedAddress;0;0;1
233;mythril-0.23.15;v8;source code;CrossFunctionReentrancy;VulnerableNoEtherLossUserDefinedAddress;0;0;1
234;mythril-0.23.15;v8;source code;DelegatedReentrancy;NonReentrant;0;0;0
235;mythril-0.23.15;v8;source code;DelegatedReentrancy;NonVulnerableFixedAddress;0;0;0
236;mythril-0.23.15;v8;source code;DelegatedReentrancy;NonVulnerableUserDefinedAddress;0;0;0
237;mythril-0.23.15;v8;source code;DelegatedReentrancy;ReentrantCodePartsFixedAddress;0;0;0
238;mythril-0.23.15;v8;source code;DelegatedReentrancy;ReentrantCodePartsUserDefinedAddress;0;0;0
239;mythril-0.23.15;v8;source code;DelegatedReentrancy;SendFixedAddress;0;0;0
240;mythril-0.23.15;v8;source code;DelegatedReentrancy;SendUserDefinedAddress;0;0;0
241;mythril-0.23.15;v8;source code;DelegatedReentrancy;TransferFixedAddress;0;0;0
242;mythril-0.23.15;v8;source code;DelegatedReentrancy;TransferUserDefinedAddress;0;0;0
243;mythril-0.23.15;v8;source code;DelegatedReentrancy;VulnerableEtherLossFixedAddress;0;0;1
244;mythril-0.23.15;v8;source code;DelegatedReentrancy;VulnerableEtherLossUserDefinedAddress;0;0;1
245;mythril-0.23.15;v8;source code;DelegatedReentrancy;VulnerableNoEtherLossFixedAddress;0;0;1
246;mythril-0.23.15;v8;source code;DelegatedReentrancy;VulnerableNoEtherLossUserDefinedAddress;0;0;1
247;mythril-0.23.15;v8;source code;SameFunctionReentrancy;NonReentrant;0;0;0
248;mythril-0.23.15;v8;source code;SameFunctionReentrancy;NonVulnerableFixedAddress;0;0;0
249;mythril-0.23.15;v8;source code;SameFunctionReentrancy;NonVulnerableUserDefinedAddress;0;0;0
250;mythril-0.23.15;v8;source code;SameFunctionReentrancy;ReentrantCodePartsFixedAddress;0;0;0
251;mythril-0.23.15;v8;source code;SameFunctionReentrancy;ReentrantCodePartsUserDefinedAddress;0;0;0
252;mythril-0.23.15;v8;source code;SameFunctionReentrancy;SendFixedAddress;0;0;0
253;mythril-0.23.15;v8;source code;SameFunctionReentrancy;SendUserDefinedAddress;0;0;0
254;mythril-0.23.15;v8;source code;SameFunctionReentrancy;TransferFixedAddress;0;0;0
255;mythril-0.23.15;v8;source code;SameFunctionReentrancy;TransferUserDefinedAddress;0;0;0
256;mythril-0.23.15;v8;source code;SameFunctionReentrancy;VulnerableEtherLossFixedAddress;0;0;1
257;mythril-0.23.15;v8;source code;SameFunctionReentrancy;VulnerableEtherLossUserDefinedAddress;0;0;1
258;mythril-0.23.15;v8;source code;SameFunctionReentrancy;VulnerableNoEtherLossFixedAddress;0;0;1
259;mythril-0.23.15;v8;source code;SameFunctionReentrancy;VulnerableNoEtherLossUserDefinedAddress;0;0;1
260;oyente;v4;source code;CreateBasedReentrancy;NonReentrant;0;0;0
261;oyente;v4;source code;CreateBasedReentrancy;NonVulnerableFixedAddress;0;0;0
262;oyente;v4;source code;CreateBasedReentrancy;NonVulnerableUserDefinedAddress;0;0;0
263;oyente;v4;source code;CreateBasedReentrancy;ReentrantCodePartsFixedAddress;0;0;0
264;oyente;v4;source code;CreateBasedReentrancy;ReentrantCodePartsUserDefinedAddress;0;0;0
265;oyente;v4;source code;CreateBasedReentrancy;SendFixedAddress;0;0;0
266;oyente;v4;source code;CreateBasedReentrancy;SendUserDefinedAddress;0;0;0
267;oyente;v4;source code;CreateBasedReentrancy;TransferFixedAddress;0;0;0
268;oyente;v4;source code;CreateBasedReentrancy;TransferUserDefinedAddress;0;0;0
269;oyente;v4;source code;CreateBasedReentrancy;VulnerableEtherLossFixedAddress;0;0;1
270;oyente;v4;source code;CreateBasedReentrancy;VulnerableEtherLossUserDefinedAddress;0;0;1
271;oyente;v4;source code;CreateBasedReentrancy;VulnerableNoEtherLossFixedAddress;0;0;1
272;oyente;v4;source code;CreateBasedReentrancy;VulnerableNoEtherLossUserDefinedAddress;0;0;1
273;oyente;v4;source code;CrossFunctionReentrancy;NonReentrant;0;0;0
274;oyente;v4;source code;CrossFunctionReentrancy;NonVulnerableFixedAddress;0;0;0
275;oyente;v4;source code;CrossFunctionReentrancy;NonVulnerableUserDefinedAddress;0;0;0
276;oyente;v4;source code;CrossFunctionReentrancy;ReentrantCodePartsFixedAddress;0;0;0
277;oyente;v4;source code;CrossFunctionReentrancy;ReentrantCodePartsUserDefinedAddress;0;0;0
278;oyente;v4;source code;CrossFunctionReentrancy;SendFixedAddress;0;0;0
279;oyente;v4;source code;CrossFunctionReentrancy;SendUserDefinedAddress;0;0;0
280;oyente;v4;source code;CrossFunctionReentrancy;TransferFixedAddress;0;0;0
281;oyente;v4;source code;CrossFunctionReentrancy;TransferUserDefinedAddress;0;0;0
282;oyente;v4;source code;CrossFunctionReentrancy;VulnerableEtherLossFixedAddress;1;0;1
283;oyente;v4;source code;CrossFunctionReentrancy;VulnerableEtherLossUserDefinedAddress;1;0;1
284;oyente;v4;source code;CrossFunctionReentrancy;VulnerableNoEtherLossFixedAddress;0;0;1
285;oyente;v4;source code;CrossFunctionReentrancy;VulnerableNoEtherLossUserDefinedAddress;0;0;1
286;oyente;v4;source code;DelegatedReentrancy;NonReentrant;0;0;0
287;oyente;v4;source code;DelegatedReentrancy;NonVulnerableFixedAddress;0;0;0
288;oyente;v4;source code;DelegatedReentrancy;NonVulnerableUserDefinedAddress;0;0;0
289;oyente;v4;source code;DelegatedReentrancy;ReentrantCodePartsFixedAddress;1;0;0
290;oyente;v4;source code;DelegatedReentrancy;ReentrantCodePartsUserDefinedAddress;1;0;0
291;oyente;v4;source code;DelegatedReentrancy;SendFixedAddress;0;0;0
292;oyente;v4;source code;DelegatedReentrancy;SendUserDefinedAddress;0;0;0
293;oyente;v4;source code;DelegatedReentrancy;TransferFixedAddress;0;0;0
294;oyente;v4;source code;DelegatedReentrancy;TransferUserDefinedAddress;0;0;0
295;oyente;v4;source code;DelegatedReentrancy;VulnerableEtherLossFixedAddress;1;0;1
296;oyente;v4;source code;DelegatedReentrancy;VulnerableEtherLossUserDefinedAddress;1;0;1
297;oyente;v4;source code;DelegatedReentrancy;VulnerableNoEtherLossFixedAddress;0;0;1
298;oyente;v4;source code;DelegatedReentrancy;VulnerableNoEtherLossUserDefinedAddress;0;0;1
299;oyente;v4;source code;SameFunctionReentrancy;NonReentrant;0;0;0
300;oyente;v4;source code;SameFunctionReentrancy;NonVulnerableFixedAddress;0;0;0
301;oyente;v4;source code;SameFunctionReentrancy;NonVulnerableUserDefinedAddress;0;0;0
302;oyente;v4;source code;SameFunctionReentrancy;ReentrantCodePartsFixedAddress;0;0;0
303;oyente;v4;source code;SameFunctionReentrancy;ReentrantCodePartsUserDefinedAddress;0;0;0
304;oyente;v4;source code;SameFunctionReentrancy;SendFixedAddress;0;0;0
305;oyente;v4;source code;SameFunctionReentrancy;SendUserDefinedAddress;0;0;0
306;oyente;v4;source code;SameFunctionReentrancy;TransferFixedAddress;0;0;0
307;oyente;v4;source code;SameFunctionReentrancy;TransferUserDefinedAddress;0;0;0
308;oyente;v4;source code;SameFunctionReentrancy;VulnerableEtherLossFixedAddress;1;0;1
309;oyente;v4;source code;SameFunctionReentrancy;VulnerableEtherLossUserDefinedAddress;1;0;1
310;oyente;v4;source code;SameFunctionReentrancy;VulnerableNoEtherLossFixedAddress;0;0;1
311;oyente;v4;source code;SameFunctionReentrancy;VulnerableNoEtherLossUserDefinedAddress;0;0;1
312;oyente;v5;source code;CreateBasedReentrancy;NonReentrant;0;0;0
313;oyente;v5;source code;CreateBasedReentrancy;NonVulnerableFixedAddress;0;0;0
314;oyente;v5;source code;CreateBasedReentrancy;NonVulnerableUserDefinedAddress;0;0;0
315;oyente;v5;source code;CreateBasedReentrancy;ReentrantCodePartsFixedAddress;0;0;0
316;oyente;v5;source code;CreateBasedReentrancy;ReentrantCodePartsUserDefinedAddress;0;0;0
317;oyente;v5;source code;CreateBasedReentrancy;SendFixedAddress;0;0;0
318;oyente;v5;source code;CreateBasedReentrancy;SendUserDefinedAddress;0;0;0
319;oyente;v5;source code;CreateBasedReentrancy;TransferFixedAddress;0;0;0
320;oyente;v5;source code;CreateBasedReentrancy;TransferUserDefinedAddress;0;0;0
321;oyente;v5;source code;CreateBasedReentrancy;VulnerableEtherLossFixedAddress;0;0;1
322;oyente;v5;source code;CreateBasedReentrancy;VulnerableEtherLossUserDefinedAddress;0;0;1
323;oyente;v5;source code;CreateBasedReentrancy;VulnerableNoEtherLossFixedAddress;0;0;1
324;oyente;v5;source code;CreateBasedReentrancy;VulnerableNoEtherLossUserDefinedAddress;0;0;1
325;oyente;v5;source code;CrossFunctionReentrancy;NonReentrant;0;0;0
326;oyente;v5;source code;CrossFunctionReentrancy;NonVulnerableFixedAddress;0;0;0
327;oyente;v5;source code;CrossFunctionReentrancy;NonVulnerableUserDefinedAddress;0;0;0
328;oyente;v5;source code;CrossFunctionReentrancy;ReentrantCodePartsFixedAddress;0;0;0
329;oyente;v5;source code;CrossFunctionReentrancy;ReentrantCodePartsUserDefinedAddress;0;0;0
330;oyente;v5;source code;CrossFunctionReentrancy;SendFixedAddress;0;0;0
331;oyente;v5;source code;CrossFunctionReentrancy;SendUserDefinedAddress;0;0;0
332;oyente;v5;source code;CrossFunctionReentrancy;TransferFixedAddress;0;0;0
333;oyente;v5;source code;CrossFunctionReentrancy;TransferUserDefinedAddress;0;0;0
334;oyente;v5;source code;CrossFunctionReentrancy;VulnerableEtherLossFixedAddress;1;0;1
335;oyente;v5;source code;CrossFunctionReentrancy;VulnerableEtherLossUserDefinedAddress;1;0;1
336;oyente;v5;source code;CrossFunctionReentrancy;VulnerableNoEtherLossFixedAddress;0;0;1
337;oyente;v5;source code;CrossFunctionReentrancy;VulnerableNoEtherLossUserDefinedAddress;0;0;1
338;oyente;v5;source code;DelegatedReentrancy;NonReentrant;0;0;0
339;oyente;v5;source code;DelegatedReentrancy;NonVulnerableFixedAddress;0;0;0
340;oyente;v5;source code;DelegatedReentrancy;NonVulnerableUserDefinedAddress;0;0;0
341;oyente;v5;source code;DelegatedReentrancy;ReentrantCodePartsFixedAddress;1;0;0
342;oyente;v5;source code;DelegatedReentrancy;ReentrantCodePartsUserDefinedAddress;1;0;0
343;oyente;v5;source code;DelegatedReentrancy;SendFixedAddress;0;0;0
344;oyente;v5;source code;DelegatedReentrancy;SendUserDefinedAddress;0;0;0
345;oyente;v5;source code;DelegatedReentrancy;TransferFixedAddress;0;0;0
346;oyente;v5;source code;DelegatedReentrancy;TransferUserDefinedAddress;0;0;0
347;oyente;v5;source code;DelegatedReentrancy;VulnerableEtherLossFixedAddress;0;0;1
348;oyente;v5;source code;DelegatedReentrancy;VulnerableEtherLossUserDefinedAddress;0;0;1
349;oyente;v5;source code;DelegatedReentrancy;VulnerableNoEtherLossFixedAddress;0;0;1
350;oyente;v5;source code;DelegatedReentrancy;VulnerableNoEtherLossUserDefinedAddress;0;0;1
351;oyente;v5;source code;SameFunctionReentrancy;NonReentrant;0;0;0
352;oyente;v5;source code;SameFunctionReentrancy;NonVulnerableFixedAddress;0;0;0
353;oyente;v5;source code;SameFunctionReentrancy;NonVulnerableUserDefinedAddress;0;0;0
354;oyente;v5;source code;SameFunctionReentrancy;ReentrantCodePartsFixedAddress;0;0;0
355;oyente;v5;source code;SameFunctionReentrancy;ReentrantCodePartsUserDefinedAddress;0;0;0
356;oyente;v5;source code;SameFunctionReentrancy;SendFixedAddress;0;0;0
357;oyente;v5;source code;SameFunctionReentrancy;SendUserDefinedAddress;0;0;0
358;oyente;v5;source code;SameFunctionReentrancy;TransferFixedAddress;0;0;0
359;oyente;v5;source code;SameFunctionReentrancy;TransferUserDefinedAddress;0;0;0
360;oyente;v5;source code;SameFunctionReentrancy;VulnerableEtherLossFixedAddress;1;0;1
361;oyente;v5;source code;SameFunctionReentrancy;VulnerableEtherLossUserDefinedAddress;1;0;1
362;oyente;v5;source code;SameFunctionReentrancy;VulnerableNoEtherLossFixedAddress;0;0;1
363;oyente;v5;source code;SameFunctionReentrancy;VulnerableNoEtherLossUserDefinedAddress;0;0;1
364;oyente;v6;source code;CreateBasedReentrancy;NonReentrant;0;0;0
365;oyente;v6;source code;CreateBasedReentrancy;NonVulnerableFixedAddress;0;0;0
366;oyente;v6;source code;CreateBasedReentrancy;NonVulnerableUserDefinedAddress;0;0;0
367;oyente;v6;source code;CreateBasedReentrancy;ReentrantCodePartsFixedAddress;0;0;0
368;oyente;v6;source code;CreateBasedReentrancy;ReentrantCodePartsUserDefinedAddress;0;0;0
369;oyente;v6;source code;CreateBasedReentrancy;SendFixedAddress;0;0;0
370;oyente;v6;source code;CreateBasedReentrancy;SendUserDefinedAddress;0;0;0
371;oyente;v6;source code;CreateBasedReentrancy;TransferFixedAddress;;1;0
372;oyente;v6;source code;CreateBasedReentrancy;TransferUserDefinedAddress;0;0;0
373;oyente;v6;source code;CreateBasedReentrancy;VulnerableEtherLossFixedAddress;0;0;1
374;oyente;v6;source code;CreateBasedReentrancy;VulnerableEtherLossUserDefinedAddress;0;0;1
375;oyente;v6;source code;CreateBasedReentrancy;VulnerableNoEtherLossFixedAddress;0;0;1
376;oyente;v6;source code;CreateBasedReentrancy;VulnerableNoEtherLossUserDefinedAddress;0;0;1
377;oyente;v6;source code;CrossFunctionReentrancy;NonReentrant;0;0;0
378;oyente;v6;source code;CrossFunctionReentrancy;NonVulnerableFixedAddress;0;0;0
379;oyente;v6;source code;CrossFunctionReentrancy;NonVulnerableUserDefinedAddress;0;0;0
380;oyente;v6;source code;CrossFunctionReentrancy;ReentrantCodePartsFixedAddress;0;0;0
381;oyente;v6;source code;CrossFunctionReentrancy;ReentrantCodePartsUserDefinedAddress;0;0;0
382;oyente;v6;source code;CrossFunctionReentrancy;SendFixedAddress;0;0;0
383;oyente;v6;source code;CrossFunctionReentrancy;SendUserDefinedAddress;0;0;0
384;oyente;v6;source code;CrossFunctionReentrancy;TransferFixedAddress;0;0;0
385;oyente;v6;source code;CrossFunctionReentrancy;TransferUserDefinedAddress;0;0;0
386;oyente;v6;source code;CrossFunctionReentrancy;VulnerableEtherLossFixedAddress;1;0;1
387;oyente;v6;source code;CrossFunctionReentrancy;VulnerableEtherLossUserDefinedAddress;1;0;1
388;oyente;v6;source code;CrossFunctionReentrancy;VulnerableNoEtherLossFixedAddress;0;0;1
389;oyente;v6;source code;CrossFunctionReentrancy;VulnerableNoEtherLossUserDefinedAddress;0;0;1
390;oyente;v6;source code;DelegatedReentrancy;NonReentrant;0;0;0
391;oyente;v6;source code;DelegatedReentrancy;NonVulnerableFixedAddress;0;0;0
392;oyente;v6;source code;DelegatedReentrancy;NonVulnerableUserDefinedAddress;0;0;0
393;oyente;v6;source code;DelegatedReentrancy;ReentrantCodePartsFixedAddress;1;0;0
394;oyente;v6;source code;DelegatedReentrancy;ReentrantCodePartsUserDefinedAddress;1;0;0
395;oyente;v6;source code;DelegatedReentrancy;SendFixedAddress;0;0;0
396;oyente;v6;source code;DelegatedReentrancy;SendUserDefinedAddress;0;0;0
397;oyente;v6;source code;DelegatedReentrancy;TransferFixedAddress;0;0;0
398;oyente;v6;source code;DelegatedReentrancy;TransferUserDefinedAddress;0;0;0
399;oyente;v6;source code;DelegatedReentrancy;VulnerableEtherLossFixedAddress;0;0;1
400;oyente;v6;source code;DelegatedReentrancy;VulnerableEtherLossUserDefinedAddress;1;0;1
401;oyente;v6;source code;DelegatedReentrancy;VulnerableNoEtherLossFixedAddress;0;0;1
402;oyente;v6;source code;DelegatedReentrancy;VulnerableNoEtherLossUserDefinedAddress;0;0;1
403;oyente;v6;source code;SameFunctionReentrancy;NonReentrant;0;0;0
404;oyente;v6;source code;SameFunctionReentrancy;NonVulnerableFixedAddress;0;0;0
405;oyente;v6;source code;SameFunctionReentrancy;NonVulnerableUserDefinedAddress;0;0;0
406;oyente;v6;source code;SameFunctionReentrancy;ReentrantCodePartsFixedAddress;0;0;0
407;oyente;v6;source code;SameFunctionReentrancy;ReentrantCodePartsUserDefinedAddress;0;0;0
408;oyente;v6;source code;SameFunctionReentrancy;SendFixedAddress;0;0;0
409;oyente;v6;source code;SameFunctionReentrancy;SendUserDefinedAddress;0;0;0
410;oyente;v6;source code;SameFunctionReentrancy;TransferFixedAddress;0;0;0
411;oyente;v6;source code;SameFunctionReentrancy;TransferUserDefinedAddress;0;0;0
412;oyente;v6;source code;SameFunctionReentrancy;VulnerableEtherLossFixedAddress;1;0;1
413;oyente;v6;source code;SameFunctionReentrancy;VulnerableEtherLossUserDefinedAddress;1;0;1
414;oyente;v6;source code;SameFunctionReentrancy;VulnerableNoEtherLossFixedAddress;0;0;1
415;oyente;v6;source code;SameFunctionReentrancy;VulnerableNoEtherLossUserDefinedAddress;0;0;1
416;oyente;v7;source code;CreateBasedReentrancy;NonReentrant;0;0;0
417;oyente;v7;source code;CreateBasedReentrancy;NonVulnerableFixedAddress;0;0;0
418;oyente;v7;source code;CreateBasedReentrancy;NonVulnerableUserDefinedAddress;;1;0
419;oyente;v7;source code;CreateBasedReentrancy;ReentrantCodePartsFixedAddress;0;0;0
420;oyente;v7;source code;CreateBasedReentrancy;ReentrantCodePartsUserDefinedAddress;0;0;0
421;oyente;v7;source code;CreateBasedReentrancy;SendFixedAddress;;1;0
422;oyente;v7;source code;CreateBasedReentrancy;SendUserDefinedAddress;0;0;0
423;oyente;v7;source code;CreateBasedReentrancy;TransferFixedAddress;0;0;0
424;oyente;v7;source code;CreateBasedReentrancy;TransferUserDefinedAddress;0;0;0
425;oyente;v7;source code;CreateBasedReentrancy;VulnerableEtherLossFixedAddress;0;0;1
426;oyente;v7;source code;CreateBasedReentrancy;VulnerableEtherLossUserDefinedAddress;0;0;1
427;oyente;v7;source code;CreateBasedReentrancy;VulnerableNoEtherLossFixedAddress;;1;1
428;oyente;v7;source code;CreateBasedReentrancy;VulnerableNoEtherLossUserDefinedAddress;0;0;1
429;oyente;v7;source code;CrossFunctionReentrancy;NonReentrant;0;0;0
430;oyente;v7;source code;CrossFunctionReentrancy;NonVulnerableFixedAddress;0;0;0
431;oyente;v7;source code;CrossFunctionReentrancy;NonVulnerableUserDefinedAddress;0;0;0
432;oyente;v7;source code;CrossFunctionReentrancy;ReentrantCodePartsFixedAddress;0;0;0
433;oyente;v7;source code;CrossFunctionReentrancy;ReentrantCodePartsUserDefinedAddress;0;0;0
434;oyente;v7;source code;CrossFunctionReentrancy;SendFixedAddress;0;0;0
435;oyente;v7;source code;CrossFunctionReentrancy;SendUserDefinedAddress;0;0;0
436;oyente;v7;source code;CrossFunctionReentrancy;TransferFixedAddress;0;0;0
437;oyente;v7;source code;CrossFunctionReentrancy;TransferUserDefinedAddress;0;0;0
438;oyente;v7;source code;CrossFunctionReentrancy;VulnerableEtherLossFixedAddress;1;0;1
439;oyente;v7;source code;CrossFunctionReentrancy;VulnerableEtherLossUserDefinedAddress;1;0;1
440;oyente;v7;source code;CrossFunctionReentrancy;VulnerableNoEtherLossFixedAddress;0;0;1
441;oyente;v7;source code;CrossFunctionReentrancy;VulnerableNoEtherLossUserDefinedAddress;0;0;1
442;oyente;v7;source code;DelegatedReentrancy;NonReentrant;0;0;0
443;oyente;v7;source code;DelegatedReentrancy;NonVulnerableFixedAddress;0;0;0
444;oyente;v7;source code;DelegatedReentrancy;NonVulnerableUserDefinedAddress;0;0;0
445;oyente;v7;source code;DelegatedReentrancy;ReentrantCodePartsFixedAddress;1;0;0
446;oyente;v7;source code;DelegatedReentrancy;ReentrantCodePartsUserDefinedAddress;0;0;0
447;oyente;v7;source code;DelegatedReentrancy;SendFixedAddress;0;0;0
448;oyente;v7;source code;DelegatedReentrancy;SendUserDefinedAddress;0;0;0
449;oyente;v7;source code;DelegatedReentrancy;TransferFixedAddress;0;0;0
450;oyente;v7;source code;DelegatedReentrancy;TransferUserDefinedAddress;0;0;0
451;oyente;v7;source code;DelegatedReentrancy;VulnerableEtherLossFixedAddress;1;0;1
452;oyente;v7;source code;DelegatedReentrancy;VulnerableEtherLossUserDefinedAddress;1;0;1
453;oyente;v7;source code;DelegatedReentrancy;VulnerableNoEtherLossFixedAddress;0;0;1
454;oyente;v7;source code;DelegatedReentrancy;VulnerableNoEtherLossUserDefinedAddress;0;0;1
455;oyente;v7;source code;SameFunctionReentrancy;NonReentrant;0;0;0
456;oyente;v7;source code;SameFunctionReentrancy;NonVulnerableFixedAddress;0;0;0
457;oyente;v7;source code;SameFunctionReentrancy;NonVulnerableUserDefinedAddress;0;0;0
458;oyente;v7;source code;SameFunctionReentrancy;ReentrantCodePartsFixedAddress;0;0;0
459;oyente;v7;source code;SameFunctionReentrancy;ReentrantCodePartsUserDefinedAddress;0;0;0
460;oyente;v7;source code;SameFunctionReentrancy;SendFixedAddress;0;0;0
461;oyente;v7;source code;SameFunctionReentrancy;SendUserDefinedAddress;0;0;0
462;oyente;v7;source code;SameFunctionReentrancy;TransferFixedAddress;0;0;0
463;oyente;v7;source code;SameFunctionReentrancy;TransferUserDefinedAddress;0;0;0
464;oyente;v7;source code;SameFunctionReentrancy;VulnerableEtherLossFixedAddress;1;0;1
465;oyente;v7;source code;SameFunctionReentrancy;VulnerableEtherLossUserDefinedAddress;1;0;1
466;oyente;v7;source code;SameFunctionReentrancy;VulnerableNoEtherLossFixedAddress;0;0;1
467;oyente;v7;source code;SameFunctionReentrancy;VulnerableNoEtherLossUserDefinedAddress;0;0;1
468;sailfish;v4;source code;CreateBasedReentrancy;NonReentrant;0;0;0
469;sailfish;v4;source code;CreateBasedReentrancy;NonVulnerableFixedAddress;0;0;0
470;sailfish;v4;source code;CreateBasedReentrancy;NonVulnerableUserDefinedAddress;0;0;0
471;sailfish;v4;source code;CreateBasedReentrancy;ReentrantCodePartsFixedAddress;0;0;0
472;sailfish;v4;source code;CreateBasedReentrancy;ReentrantCodePartsUserDefinedAddress;0;0;0
473;sailfish;v4;source code;CreateBasedReentrancy;SendFixedAddress;0;0;0
474;sailfish;v4;source code;CreateBasedReentrancy;SendUserDefinedAddress;1;0;0
475;sailfish;v4;source code;CreateBasedReentrancy;TransferFixedAddress;0;0;0
476;sailfish;v4;source code;CreateBasedReentrancy;TransferUserDefinedAddress;1;0;0
477;sailfish;v4;source code;CreateBasedReentrancy;VulnerableEtherLossFixedAddress;0;0;1
478;sailfish;v4;source code;CreateBasedReentrancy;VulnerableEtherLossUserDefinedAddress;1;0;1
479;sailfish;v4;source code;CreateBasedReentrancy;VulnerableNoEtherLossFixedAddress;0;0;1
480;sailfish;v4;source code;CreateBasedReentrancy;VulnerableNoEtherLossUserDefinedAddress;1;0;1
481;sailfish;v4;source code;CrossFunctionReentrancy;NonReentrant;0;0;0
482;sailfish;v4;source code;CrossFunctionReentrancy;NonVulnerableFixedAddress;0;0;0
483;sailfish;v4;source code;CrossFunctionReentrancy;NonVulnerableUserDefinedAddress;0;0;0
484;sailfish;v4;source code;CrossFunctionReentrancy;ReentrantCodePartsFixedAddress;0;0;0
485;sailfish;v4;source code;CrossFunctionReentrancy;ReentrantCodePartsUserDefinedAddress;0;0;0
486;sailfish;v4;source code;CrossFunctionReentrancy;SendFixedAddress;0;0;0
487;sailfish;v4;source code;CrossFunctionReentrancy;SendUserDefinedAddress;0;0;0
488;sailfish;v4;source code;CrossFunctionReentrancy;TransferFixedAddress;0;0;0
489;sailfish;v4;source code;CrossFunctionReentrancy;TransferUserDefinedAddress;0;0;0
490;sailfish;v4;source code;CrossFunctionReentrancy;VulnerableEtherLossFixedAddress;0;0;1
491;sailfish;v4;source code;CrossFunctionReentrancy;VulnerableEtherLossUserDefinedAddress;1;0;1
492;sailfish;v4;source code;CrossFunctionReentrancy;VulnerableNoEtherLossFixedAddress;0;0;1
493;sailfish;v4;source code;CrossFunctionReentrancy;VulnerableNoEtherLossUserDefinedAddress;1;0;1
494;sailfish;v4;source code;DelegatedReentrancy;NonReentrant;0;0;0
495;sailfish;v4;source code;DelegatedReentrancy;NonVulnerableFixedAddress;0;0;0
496;sailfish;v4;source code;DelegatedReentrancy;NonVulnerableUserDefinedAddress;0;0;0
497;sailfish;v4;source code;DelegatedReentrancy;ReentrantCodePartsFixedAddress;0;0;0
498;sailfish;v4;source code;DelegatedReentrancy;ReentrantCodePartsUserDefinedAddress;0;0;0
499;sailfish;v4;source code;DelegatedReentrancy;SendFixedAddress;0;0;0
500;sailfish;v4;source code;DelegatedReentrancy;SendUserDefinedAddress;1;0;0
501;sailfish;v4;source code;DelegatedReentrancy;TransferFixedAddress;0;0;0
502;sailfish;v4;source code;DelegatedReentrancy;TransferUserDefinedAddress;1;0;0
503;sailfish;v4;source code;DelegatedReentrancy;VulnerableEtherLossFixedAddress;0;0;1
504;sailfish;v4;source code;DelegatedReentrancy;VulnerableEtherLossUserDefinedAddress;1;0;1
505;sailfish;v4;source code;DelegatedReentrancy;VulnerableNoEtherLossFixedAddress;0;0;1
506;sailfish;v4;source code;DelegatedReentrancy;VulnerableNoEtherLossUserDefinedAddress;0;0;1
507;sailfish;v4;source code;SameFunctionReentrancy;NonReentrant;0;0;0
508;sailfish;v4;source code;SameFunctionReentrancy;NonVulnerableFixedAddress;0;0;0
509;sailfish;v4;source code;SameFunctionReentrancy;NonVulnerableUserDefinedAddress;0;0;0
510;sailfish;v4;source code;SameFunctionReentrancy;ReentrantCodePartsFixedAddress;0;0;0
511;sailfish;v4;source code;SameFunctionReentrancy;ReentrantCodePartsUserDefinedAddress;0;0;0
512;sailfish;v4;source code;SameFunctionReentrancy;SendFixedAddress;0;0;0
513;sailfish;v4;source code;SameFunctionReentrancy;SendUserDefinedAddress;0;0;0
514;sailfish;v4;source code;SameFunctionReentrancy;TransferFixedAddress;0;0;0
515;sailfish;v4;source code;SameFunctionReentrancy;TransferUserDefinedAddress;0;0;0
516;sailfish;v4;source code;SameFunctionReentrancy;VulnerableEtherLossFixedAddress;0;0;1
517;sailfish;v4;source code;SameFunctionReentrancy;VulnerableEtherLossUserDefinedAddress;1;0;1
518;sailfish;v4;source code;SameFunctionReentrancy;VulnerableNoEtherLossFixedAddress;0;0;1
519;sailfish;v4;source code;SameFunctionReentrancy;VulnerableNoEtherLossUserDefinedAddress;1;0;1
520;sailfish;v5;source code;CreateBasedReentrancy;NonReentrant;0;0;0
521;sailfish;v5;source code;CreateBasedReentrancy;NonVulnerableFixedAddress;0;0;0
522;sailfish;v5;source code;CreateBasedReentrancy;NonVulnerableUserDefinedAddress;0;0;0
523;sailfish;v5;source code;CreateBasedReentrancy;ReentrantCodePartsFixedAddress;0;0;0
524;sailfish;v5;source code;CreateBasedReentrancy;ReentrantCodePartsUserDefinedAddress;0;0;0
525;sailfish;v5;source code;CreateBasedReentrancy;SendFixedAddress;0;0;0
526;sailfish;v5;source code;CreateBasedReentrancy;SendUserDefinedAddress;1;0;0
527;sailfish;v5;source code;CreateBasedReentrancy;TransferFixedAddress;0;0;0
528;sailfish;v5;source code;CreateBasedReentrancy;TransferUserDefinedAddress;1;0;0
529;sailfish;v5;source code;CreateBasedReentrancy;VulnerableEtherLossFixedAddress;0;0;1
530;sailfish;v5;source code;CreateBasedReentrancy;VulnerableEtherLossUserDefinedAddress;1;0;1
531;sailfish;v5;source code;CreateBasedReentrancy;VulnerableNoEtherLossFixedAddress;0;0;1
532;sailfish;v5;source code;CreateBasedReentrancy;VulnerableNoEtherLossUserDefinedAddress;1;0;1
533;sailfish;v5;source code;CrossFunctionReentrancy;NonReentrant;0;0;0
534;sailfish;v5;source code;CrossFunctionReentrancy;NonVulnerableFixedAddress;0;0;0
535;sailfish;v5;source code;CrossFunctionReentrancy;NonVulnerableUserDefinedAddress;0;0;0
536;sailfish;v5;source code;CrossFunctionReentrancy;ReentrantCodePartsFixedAddress;0;0;0
537;sailfish;v5;source code;CrossFunctionReentrancy;ReentrantCodePartsUserDefinedAddress;0;0;0
538;sailfish;v5;source code;CrossFunctionReentrancy;SendFixedAddress;0;0;0
539;sailfish;v5;source code;CrossFunctionReentrancy;SendUserDefinedAddress;0;0;0
540;sailfish;v5;source code;CrossFunctionReentrancy;TransferFixedAddress;0;0;0
541;sailfish;v5;source code;CrossFunctionReentrancy;TransferUserDefinedAddress;0;0;0
542;sailfish;v5;source code;CrossFunctionReentrancy;VulnerableEtherLossFixedAddress;0;0;1
543;sailfish;v5;source code;CrossFunctionReentrancy;VulnerableEtherLossUserDefinedAddress;1;0;1
544;sailfish;v5;source code;CrossFunctionReentrancy;VulnerableNoEtherLossFixedAddress;0;0;1
545;sailfish;v5;source code;CrossFunctionReentrancy;VulnerableNoEtherLossUserDefinedAddress;1;0;1
546;sailfish;v5;source code;DelegatedReentrancy;NonReentrant;0;0;0
547;sailfish;v5;source code;DelegatedReentrancy;NonVulnerableFixedAddress;0;0;0
548;sailfish;v5;source code;DelegatedReentrancy;NonVulnerableUserDefinedAddress;0;0;0
549;sailfish;v5;source code;DelegatedReentrancy;ReentrantCodePartsFixedAddress;0;0;0
550;sailfish;v5;source code;DelegatedReentrancy;ReentrantCodePartsUserDefinedAddress;0;0;0
551;sailfish;v5;source code;DelegatedReentrancy;SendFixedAddress;0;0;0
552;sailfish;v5;source code;DelegatedReentrancy;SendUserDefinedAddress;1;0;0
553;sailfish;v5;source code;DelegatedReentrancy;TransferFixedAddress;0;0;0
554;sailfish;v5;source code;DelegatedReentrancy;TransferUserDefinedAddress;1;0;0
555;sailfish;v5;source code;DelegatedReentrancy;VulnerableEtherLossFixedAddress;0;0;1
556;sailfish;v5;source code;DelegatedReentrancy;VulnerableEtherLossUserDefinedAddress;1;0;1
557;sailfish;v5;source code;DelegatedReentrancy;VulnerableNoEtherLossFixedAddress;0;0;1
558;sailfish;v5;source code;DelegatedReentrancy;VulnerableNoEtherLossUserDefinedAddress;0;0;1
559;sailfish;v5;source code;SameFunctionReentrancy;NonReentrant;0;0;0
560;sailfish;v5;source code;SameFunctionReentrancy;NonVulnerableFixedAddress;0;0;0
561;sailfish;v5;source code;SameFunctionReentrancy;NonVulnerableUserDefinedAddress;0;0;0
562;sailfish;v5;source code;SameFunctionReentrancy;ReentrantCodePartsFixedAddress;;1;0
563;sailfish;v5;source code;SameFunctionReentrancy;ReentrantCodePartsUserDefinedAddress;;1;0
564;sailfish;v5;source code;SameFunctionReentrancy;SendFixedAddress;0;0;0
565;sailfish;v5;source code;SameFunctionReentrancy;SendUserDefinedAddress;0;0;0
566;sailfish;v5;source code;SameFunctionReentrancy;TransferFixedAddress;0;0;0
567;sailfish;v5;source code;SameFunctionReentrancy;TransferUserDefinedAddress;0;0;0
568;sailfish;v5;source code;SameFunctionReentrancy;VulnerableEtherLossFixedAddress;;1;1
569;sailfish;v5;source code;SameFunctionReentrancy;VulnerableEtherLossUserDefinedAddress;;1;1
570;sailfish;v5;source code;SameFunctionReentrancy;VulnerableNoEtherLossFixedAddress;0;0;1
571;sailfish;v5;source code;SameFunctionReentrancy;VulnerableNoEtherLossUserDefinedAddress;1;0;1
572;sailfish;v6;source code;CreateBasedReentrancy;NonReentrant;0;0;0
573;sailfish;v6;source code;CreateBasedReentrancy;NonVulnerableFixedAddress;0;0;0
574;sailfish;v6;source code;CreateBasedReentrancy;NonVulnerableUserDefinedAddress;0;0;0
575;sailfish;v6;source code;CreateBasedReentrancy;ReentrantCodePartsFixedAddress;0;0;0
576;sailfish;v6;source code;CreateBasedReentrancy;ReentrantCodePartsUserDefinedAddress;0;0;0
577;sailfish;v6;source code;CreateBasedReentrancy;SendFixedAddress;;1;0
578;sailfish;v6;source code;CreateBasedReentrancy;SendUserDefinedAddress;;1;0
579;sailfish;v6;source code;CreateBasedReentrancy;TransferFixedAddress;;1;0
580;sailfish;v6;source code;CreateBasedReentrancy;TransferUserDefinedAddress;;1;0
581;sailfish;v6;source code;CreateBasedReentrancy;VulnerableEtherLossFixedAddress;0;0;1
582;sailfish;v6;source code;CreateBasedReentrancy;VulnerableEtherLossUserDefinedAddress;1;0;1
583;sailfish;v6;source code;CreateBasedReentrancy;VulnerableNoEtherLossFixedAddress;0;0;1
584;sailfish;v6;source code;CreateBasedReentrancy;VulnerableNoEtherLossUserDefinedAddress;1;0;1
585;sailfish;v6;source code;CrossFunctionReentrancy;NonReentrant;0;0;0
586;sailfish;v6;source code;CrossFunctionReentrancy;NonVulnerableFixedAddress;;1;0
587;sailfish;v6;source code;CrossFunctionReentrancy;NonVulnerableUserDefinedAddress;;1;0
588;sailfish;v6;source code;CrossFunctionReentrancy;ReentrantCodePartsFixedAddress;;1;0
589;sailfish;v6;source code;CrossFunctionReentrancy;ReentrantCodePartsUserDefinedAddress;;1;0
590;sailfish;v6;source code;CrossFunctionReentrancy;SendFixedAddress;0;0;0
591;sailfish;v6;source code;CrossFunctionReentrancy;SendUserDefinedAddress;0;0;0
592;sailfish;v6;source code;CrossFunctionReentrancy;TransferFixedAddress;0;0;0
593;sailfish;v6;source code;CrossFunctionReentrancy;TransferUserDefinedAddress;0;0;0
594;sailfish;v6;source code;CrossFunctionReentrancy;VulnerableEtherLossFixedAddress;;1;1
595;sailfish;v6;source code;CrossFunctionReentrancy;VulnerableEtherLossUserDefinedAddress;;1;1
596;sailfish;v6;source code;CrossFunctionReentrancy;VulnerableNoEtherLossFixedAddress;;1;1
597;sailfish;v6;source code;CrossFunctionReentrancy;VulnerableNoEtherLossUserDefinedAddress;;1;1
598;sailfish;v6;source code;DelegatedReentrancy;NonReentrant;0;0;0
599;sailfish;v6;source code;DelegatedReentrancy;NonVulnerableFixedAddress;0;0;0
600;sailfish;v6;source code;DelegatedReentrancy;NonVulnerableUserDefinedAddress;0;0;0
601;sailfish;v6;source code;DelegatedReentrancy;ReentrantCodePartsFixedAddress;;1;0
602;sailfish;v6;source code;DelegatedReentrancy;ReentrantCodePartsUserDefinedAddress;;1;0
603;sailfish;v6;source code;DelegatedReentrancy;SendFixedAddress;0;0;0
604;sailfish;v6;source code;DelegatedReentrancy;SendUserDefinedAddress;1;0;0
605;sailfish;v6;source code;DelegatedReentrancy;TransferFixedAddress;0;0;0
606;sailfish;v6;source code;DelegatedReentrancy;TransferUserDefinedAddress;1;0;0
607;sailfish;v6;source code;DelegatedReentrancy;VulnerableEtherLossFixedAddress;;1;1
608;sailfish;v6;source code;DelegatedReentrancy;VulnerableEtherLossUserDefinedAddress;;1;1
609;sailfish;v6;source code;DelegatedReentrancy;VulnerableNoEtherLossFixedAddress;0;0;1
610;sailfish;v6;source code;DelegatedReentrancy;VulnerableNoEtherLossUserDefinedAddress;0;0;1
611;sailfish;v6;source code;SameFunctionReentrancy;NonReentrant;0;0;0
612;sailfish;v6;source code;SameFunctionReentrancy;NonVulnerableFixedAddress;0;0;0
613;sailfish;v6;source code;SameFunctionReentrancy;NonVulnerableUserDefinedAddress;0;0;0
614;sailfish;v6;source code;SameFunctionReentrancy;ReentrantCodePartsFixedAddress;;1;0
615;sailfish;v6;source code;SameFunctionReentrancy;ReentrantCodePartsUserDefinedAddress;;1;0
616;sailfish;v6;source code;SameFunctionReentrancy;SendFixedAddress;0;0;0
617;sailfish;v6;source code;SameFunctionReentrancy;SendUserDefinedAddress;0;0;0
618;sailfish;v6;source code;SameFunctionReentrancy;TransferFixedAddress;0;0;0
619;sailfish;v6;source code;SameFunctionReentrancy;TransferUserDefinedAddress;0;0;0
620;sailfish;v6;source code;SameFunctionReentrancy;VulnerableEtherLossFixedAddress;;1;1
621;sailfish;v6;source code;SameFunctionReentrancy;VulnerableEtherLossUserDefinedAddress;;1;1
622;sailfish;v6;source code;SameFunctionReentrancy;VulnerableNoEtherLossFixedAddress;0;0;1
623;sailfish;v6;source code;SameFunctionReentrancy;VulnerableNoEtherLossUserDefinedAddress;0;0;1
